Symbol,Series,Date,Prev Close,Open Price,High Price,Low Price,Last Price,Close Price,Average Price,Total Traded Quantity,Turnover,No. of Trades,Deliverable Qty,% Dly Qt to Traded Qty
INFY,EQ,01-Jan-16,1105.4,1100,1108.95,1093.2,1103,1105.25,1103.13,903275,996433258.7,18982,331554,36.71
INFY,EQ,04-Jan-16,1105.25,1099.95,1102.45,1076.05,1078.5,1078.9,1087.82,1987681,2162230784,53877,1247329,62.75
INFY,EQ,05-Jan-16,1078.9,1085.5,1085.5,1062.25,1073,1074.05,1073.17,2474893,2655975461,62085,1566206,63.28
INFY,EQ,06-Jan-16,1074.05,1074.65,1074.65,1058.9,1068.5,1069.35,1067.55,2794164,2982910238,76128,1985200,71.05
INFY,EQ,07-Jan-16,1069.35,1060.05,1067.9,1047.9,1052.55,1050.8,1057.5,2647044,2799255720,79845,1650344,62.35
INFY,EQ,08-Jan-16,1050.8,1061.5,1067.4,1055.5,1064.65,1063.3,1061.56,1578358,1675521986,47934,847886,53.72
INFY,EQ,11-Jan-16,1063.3,1056.3,1069.95,1052.1,1054.5,1055.7,1057.72,2680311,2835019451,66784,1635209,61.01
INFY,EQ,12-Jan-16,1055.7,1062,1062.95,1030.85,1048.05,1049.95,1046.58,3282606,3435500122,95213,2327621,70.91
INFY,EQ,13-Jan-16,1049.95,1057,1091,1048.1,1081.05,1083.4,1073.58,4375647,4697626038,82289,2136586,48.83
INFY,EQ,14-Jan-16,1083.4,1066,1155,1054.35,1137.5,1133,1128.78,15113503,17059827437,335583,5601848,37.07
INFY,EQ,15-Jan-16,1133,1148,1164,1137.55,1140,1139.9,1147.83,6518307,7481937163,168749,3790529,58.15
INFY,EQ,18-Jan-16,1139.9,1139.9,1162.1,1128.35,1129.6,1131.9,1144.54,5033306,5760833305,124462,3285743,65.28
INFY,EQ,19-Jan-16,1131.9,1135,1158.95,1128.55,1140.25,1139.65,1143.19,3750218,4287225460,131724,2249627,59.99
INFY,EQ,20-Jan-16,1139.65,1134,1160,1117,1120.75,1121.25,1127.86,3753999,4233996103,106567,2197144,58.53
INFY,EQ,21-Jan-16,1121.25,1135,1142.5,1122,1139.65,1137.05,1133.26,3371500,3820774624,107775,2004650,59.46
INFY,EQ,22-Jan-16,1137.05,1148.1,1152.5,1131,1140,1136.25,1139.49,3218009,3666879628,106108,2176678,67.64
INFY,EQ,25-Jan-16,1136.25,1140.25,1146.85,1124.55,1141,1137.65,1136.23,2289631,2601551835,78546,1529972,66.82
INFY,EQ,27-Jan-16,1137.65,1146.45,1149.6,1135,1135.35,1138.5,1141.44,3485981,3979041708,79129,2274278,65.24
INFY,EQ,28-Jan-16,1138.5,1136,1142.6,1126.2,1129.1,1129.6,1131.59,3894299,4406764531,67003,3016965,77.47
INFY,EQ,29-Jan-16,1129.6,1138,1170,1131.6,1166,1164.9,1155.59,5116054,5912064476,105694,3658298,71.51
INFY,EQ,01-Feb-16,1164.9,1170,1179.9,1161.6,1171.5,1173.35,1171.18,2125563,2489417760,69859,1159429,54.55
INFY,EQ,02-Feb-16,1173.35,1176.85,1190,1164,1168.4,1175.55,1181.63,3816351,4509511502,87845,2430012,63.67
INFY,EQ,03-Feb-16,1175.55,1167.8,1175.9,1152.75,1158.9,1157.7,1163.28,2622983,3051257780,64989,1613649,61.52
INFY,EQ,04-Feb-16,1157.7,1160.05,1194.95,1160.05,1179.3,1179.75,1181.37,2774673,3277919302,68846,1524604,54.95
INFY,EQ,05-Feb-16,1179.75,1175.5,1186.65,1171.85,1176.85,1174.7,1178.61,1992112,2347916406,72608,1221680,61.33
INFY,EQ,08-Feb-16,1174.7,1163.75,1172.2,1143.8,1145.85,1150.8,1159.26,2110522,2446635960,58432,1435924,68.04
INFY,EQ,09-Feb-16,1150.8,1128.3,1128.3,1093.5,1107.5,1107.65,1107.11,3789786,4195709094,110917,2447506,64.58
INFY,EQ,10-Feb-16,1107.65,1108,1127.5,1105,1106.1,1108.55,1115.31,2933027,3271248829,95356,1678192,57.22
INFY,EQ,11-Feb-16,1108.55,1111,1113,1071.15,1078.8,1078.65,1089.29,2607189,2839987985,93260,1525023,58.49
INFY,EQ,12-Feb-16,1078.65,1094.7,1104.4,1067,1084.75,1084.65,1083.79,3704048,4014409218,112945,2195228,59.27
INFY,EQ,15-Feb-16,1084.65,1096.25,1100.2,1086.6,1089,1091.75,1091.38,2546739,2779457264,107866,1662965,65.3
INFY,EQ,16-Feb-16,1091.75,1087,1092.75,1073.7,1081.2,1079.15,1081.53,2562724,2771671745,92796,1599118,62.4
INFY,EQ,17-Feb-16,1079.15,1081.75,1103,1077,1095,1097.85,1089.23,2082299,2268104577,79410,1221857,58.68
INFY,EQ,18-Feb-16,1097.85,1100,1127,1100,1121.3,1123.4,1115.43,2094536,2336317813,70844,1322322,63.13
INFY,EQ,19-Feb-16,1123.4,1119.2,1134.2,1113.85,1123.45,1127.25,1125.72,1987009,2236825272,85227,1299849,65.42
INFY,EQ,22-Feb-16,1127.25,1131,1133.95,1114.05,1126,1126.65,1126.83,1928505,2173092990,71684,1202192,62.34
INFY,EQ,23-Feb-16,1126.65,1130.25,1132.5,1116.05,1123,1123.9,1124.64,1250980,1406895966,78553,662922,52.99
INFY,EQ,24-Feb-16,1123.9,1119.5,1143.75,1118.35,1125,1125.35,1132.34,2475357,2802937160,92342,1604525,64.82
INFY,EQ,25-Feb-16,1125.35,1125.4,1130.6,1101.1,1115.9,1110.3,1112.14,2242264,2493709761,102958,1444125,64.4
INFY,EQ,26-Feb-16,1110.3,1120.15,1132,1116,1122.1,1121.15,1121.6,2117818,2375337064,114603,1397368,65.98
INFY,EQ,29-Feb-16,1121.15,1129.5,1130.4,1068.3,1085.55,1084.05,1095.62,4083038,4473469436,95756,2466669,60.41
INFY,EQ,01-Mar-16,1084.05,1094.8,1130.3,1094.8,1128.75,1125.45,1118.92,3193077,3572794467,99480,2364104,74.04
INFY,EQ,02-Mar-16,1125.45,1137.05,1163.5,1125,1158.5,1156,1143.15,3607449,4123873292,105889,2027082,56.19
INFY,EQ,03-Mar-16,1156,1168,1192.85,1154,1172,1169.3,1173.96,2907152,3412892364,100651,1689844,58.13
INFY,EQ,04-Mar-16,1169.3,1175.6,1185,1159.1,1175.3,1170.65,1173.98,2140840,2513300445,63895,1227929,57.36
INFY,EQ,08-Mar-16,1170.65,1163,1190.5,1147.4,1160.85,1163.45,1159.98,3808873,4418218641,107108,2482004,65.16
INFY,EQ,09-Mar-16,1163.45,1145,1183.75,1142.95,1177,1178.5,1168.24,3152891,3683322613,89544,1983227,62.9
INFY,EQ,10-Mar-16,1178.5,1162.9,1162.9,1139.35,1142.65,1142.5,1148.72,12190508,14003425951,90787,8349472,68.49
INFY,EQ,11-Mar-16,1142.5,1146.2,1155.95,1138.2,1141,1143,1148.57,2029274,2330755845,60784,1051356,51.81
INFY,EQ,14-Mar-16,1143,1146,1154.25,1138.5,1140.9,1141.2,1143.6,2087131,2386845851,78868,1363995,65.35
INFY,EQ,15-Mar-16,1141.2,1144,1154.5,1128.95,1134.6,1134.4,1139.17,3360129,3827755995,73517,2365218,70.39
INFY,EQ,16-Mar-16,1134.4,1141.9,1155,1131.55,1151.1,1152.45,1145.49,2794425,3200980693,68267,1732991,62.02
INFY,EQ,17-Mar-16,1152.45,1156.9,1169.75,1154.05,1157,1161.75,1161.7,3237311,3760788713,99521,2167945,66.97
INFY,EQ,18-Mar-16,1161.75,1162.8,1199,1162,1190,1193.4,1182.5,4238711,5012256648,95530,2948553,69.56
INFY,EQ,21-Mar-16,1193.4,1188,1199,1180.05,1192.7,1194.9,1189.83,2569196,3056912501,85237,1708992,66.52
INFY,EQ,22-Mar-16,1194.9,1191.25,1194,1172,1193.1,1189.95,1182.78,3548975,4197665191,102921,2439886,68.75
INFY,EQ,23-Mar-16,1189.95,1190,1210.7,1182.1,1208.8,1207.8,1195.9,3166588,3786937856,136505,2319740,73.26
INFY,EQ,28-Mar-16,1207.8,1232.4,1237,1195.75,1209,1204.9,1212.25,5393755,6538591760,112913,3674676,68.13
INFY,EQ,29-Mar-16,1204.9,1199,1218.9,1191.55,1195,1197.25,1205.49,3497678,4216417212,91763,2171350,62.08
INFY,EQ,30-Mar-16,1197.25,1197.6,1210,1195.55,1206.6,1205.95,1205.03,2878409,3468574631,94161,2018979,70.14
INFY,EQ,31-Mar-16,1205.95,1210.25,1229.9,1200.3,1220,1218.3,1215.31,8998160,10935517716,207681,5973609,66.39
INFY,BL,01-Apr-16,2136.1,1220.25,1220.25,1220.15,1220.15,1220.15,1220.18,775000,945635922.1,2,775000,100
INFY,EQ,01-Apr-16,1218.3,1216,1222.2,1195.1,1207.6,1205.45,1208.16,2755714,3329332085,97501,1652337,59.96
INFY,EQ,04-Apr-16,1205.45,1213.55,1248,1213.55,1245.3,1243.7,1234.52,2288527,2825238080,76941,1337441,58.44
INFY,EQ,05-Apr-16,1243.7,1242,1242.3,1214,1218,1219.8,1227.4,2395358,2940055243,72189,1435543,59.93
INFY,EQ,06-Apr-16,1219.8,1228,1228,1196,1201.65,1200.7,1208.74,2465677,2980355277,82745,1349608,54.74
INFY,EQ,07-Apr-16,1200.7,1208.4,1208.4,1175,1181,1181.5,1183.37,2828945,3347681450,110844,1694491,59.9
INFY,EQ,08-Apr-16,1181.5,1175.85,1177.5,1162.05,1167.25,1165.75,1169.04,2097789,2452392809,73531,1183847,56.43
INFY,EQ,11-Apr-16,1165.75,1165.8,1186.75,1151.1,1184.1,1183.9,1170.05,2884339,3374830285,94441,1468873,50.93
INFY,EQ,12-Apr-16,1183.9,1180.5,1194.9,1178.6,1183,1182.2,1185.97,2921069,3464293129,91101,1996122,68.34
INFY,EQ,13-Apr-16,1182.2,1194.95,1194.95,1166.35,1176,1172.7,1176.38,6255693,7359084499,184136,4443119,71.03
INFY,EQ,18-Apr-16,1172.7,1250,1267.9,1233.5,1237.15,1238.7,1247.17,12507995,15599650786,287988,7270261,58.12
INFY,EQ,20-Apr-16,1238.7,1244,1246.45,1225.8,1244,1243.6,1237.18,4036424,4993801015,139599,2555094,63.3
INFY,EQ,21-Apr-16,1243.6,1251,1251,1218.1,1226.8,1226.3,1231.52,2720550,3350409729,97218,1626993,59.8
INFY,EQ,22-Apr-16,1226.3,1226.3,1228.5,1207,1212.75,1211.25,1215.94,2571969,3127365365,96983,1634111,63.54
INFY,EQ,25-Apr-16,1211.25,1212.05,1224.8,1201.1,1219.25,1215.85,1211.42,2682067,3249112708,91828,1673309,62.39
INFY,EQ,26-Apr-16,1215.85,1215.45,1239.55,1208.6,1230.15,1232.15,1227.12,2923372,3587319457,91684,1829934,62.6
INFY,EQ,27-Apr-16,1232.15,1229.2,1242.35,1228.55,1239.15,1240.15,1236.9,2243104,2774491729,110848,1582665,70.56
INFY,EQ,28-Apr-16,1240.15,1231,1239.6,1207,1210,1209.15,1213.55,6082584,7381519426,136015,4311117,70.88
INFY,EQ,29-Apr-16,1209.15,1211.45,1223.55,1205,1206.2,1208.1,1211.59,2518205,3051020532,103524,1689412,67.09
INFY,EQ,02-May-16,1208.1,1210,1211.15,1196.15,1199.55,1201.05,1200.96,1807625,2170885251,50153,1152917,63.78
INFY,EQ,03-May-16,1201.05,1202.75,1212.2,1171.8,1177.95,1177.8,1190.11,3412405,4061149572,132901,2158470,63.25
INFY,EQ,04-May-16,1177.8,1181,1193,1170.65,1190,1188.85,1182.72,2906421,3437484344,106651,1940064,66.75
INFY,EQ,05-May-16,1188.85,1195.15,1199,1181.1,1195.45,1192.45,1189.58,3151334,3748759043,137968,2090748,66.34
INFY,EQ,06-May-16,1192.45,1189.8,1189.8,1177.05,1179,1181.5,1181.92,1298360,1534551847,54186,743792,57.29
INFY,EQ,09-May-16,1181.5,1182,1201.55,1180.6,1199.85,1199.05,1192.94,2561839,3056124205,81316,1718212,67.07
INFY,EQ,10-May-16,1199.05,1202.5,1216.65,1196.6,1211.95,1212.8,1206.66,1697852,2048735526,75786,1019801,60.06
INFY,EQ,11-May-16,1212.8,1198.5,1214.7,1192.5,1204,1201.85,1203.69,1854944,2232783131,64272,1006994,54.29
INFY,EQ,12-May-16,1201.85,1203.9,1213,1196.8,1210.8,1210,1205.68,1703466,2053842245,77725,1118347,65.65
INFY,EQ,13-May-16,1210,1206,1210,1192.15,1208,1207.25,1202.44,2826032,3398141904,81828,2104685,74.47
INFY,EQ,16-May-16,1207.25,1210.2,1223.65,1205,1212.8,1215,1214.69,2266939,2753623614,77520,1493929,65.9
INFY,EQ,17-May-16,1215,1220,1225.75,1208.15,1213.55,1214.25,1219.27,1898147,2314345531,75775,1249282,65.82
INFY,EQ,18-May-16,1214.25,1199,1214,1197.9,1212,1209.85,1204.37,2128298,2563260480,60053,1398184,65.69
INFY,EQ,19-May-16,1209.85,1210.95,1216.15,1201,1201.15,1205.75,1208.41,1977200,2389258586,63251,1357458,68.66
INFY,EQ,20-May-16,1205.75,1205,1219.5,1200,1200.9,1201.6,1209.24,1997274,2415192560,72124,1295982,64.89
INFY,EQ,23-May-16,1201.6,1203.4,1205.15,1185,1188.2,1188,1191.44,2292973,2731935850,65785,1466912,63.97
INFY,EQ,24-May-16,1188,1191.05,1191.75,1177.6,1190,1187.75,1184.79,1742530,2064534720,85326,1025191,58.83
INFY,EQ,25-May-16,1187.75,1194.1,1213.1,1194.1,1209.15,1208.65,1208.82,1928698,2331455440,66033,1310424,67.94
INFY,EQ,26-May-16,1208.65,1210.1,1239.8,1210.1,1237.9,1234.15,1227.35,3068218,3765768592,96613,2359311,76.9
INFY,EQ,27-May-16,1234.15,1231.6,1259.5,1231.6,1245,1247.5,1249.54,3090382,3861555368,79330,2203990,71.32
INFY,EQ,30-May-16,1247.5,1241.5,1272,1241.5,1267,1267.6,1267.25,2642850,3349159368,92600,1938752,73.36
INFY,EQ,31-May-16,1267.6,1265,1266.75,1239,1250.85,1248.65,1248.07,6891019,8600491439,125656,5308966,77.04
INFY,EQ,01-Jun-16,1248.65,1246.05,1268.5,1246,1256,1258.2,1258.82,2420267,3046672700,72781,1589552,65.68
INFY,EQ,02-Jun-16,1258.2,1255,1274.9,1254,1260.5,1261.55,1264.53,2526776,3195178703,105567,1657794,65.61
INFY,EQ,03-Jun-16,1261.55,1260.05,1279.3,1260.05,1267,1266.9,1271.43,1999190,2541822477,70963,1395872,69.82
INFY,EQ,06-Jun-16,1266.9,1264.9,1277,1261.1,1267.25,1266.75,1269.53,2112884,2682362141,77880,1515515,71.73
INFY,EQ,07-Jun-16,1266.75,1267,1272.5,1255.1,1256,1257.4,1263.86,2846210,3597199329,74826,2314800,81.33
INFY,EQ,08-Jun-16,1257.4,1263.95,1263.95,1235.35,1237,1238.1,1242.8,4370685,5431892699,113032,3499200,80.06
INFY,EQ,09-Jun-16,1238.1,1226.25,1226.25,1180.05,1187,1185.5,1191.98,6370402,7593381454,169983,4372019,68.63
INFY,EQ,10-Jun-16,1185.5,1175.4,1190,1170.1,1181,1180.6,1180.3,3191978,3767482481,112385,1832979,57.42
INFY,EQ,13-Jun-16,1180.6,1176.8,1184.9,1166,1180,1180.9,1176.48,2643361,3109855383,92827,1839218,69.58
INFY,EQ,14-Jun-16,1180.9,1182.4,1182.4,1167.25,1176,1175,1173.27,1470364,1725136290,76094,789615,53.7
INFY,EQ,15-Jun-16,1175,1183.7,1192.65,1179.05,1189.55,1189.95,1184.11,3355786,3973610805,97170,2729841,81.35
INFY,EQ,16-Jun-16,1189.95,1189.5,1189.5,1170.1,1186.3,1186,1179.61,2651282,3127477049,96066,1894154,71.44
INFY,EQ,17-Jun-16,1186,1189,1192.75,1175.1,1179.45,1179.5,1179.51,4257541,5021828421,84979,3232375,75.92
INFY,EQ,20-Jun-16,1179.5,1181,1211.8,1179.7,1207,1208.75,1199.39,3114783,3735847754,84105,2081632,66.83
INFY,EQ,21-Jun-16,1208.75,1211.2,1214.8,1195.65,1206.5,1206.1,1204.61,2380862,2868013851,57770,1616360,67.89
INFY,EQ,22-Jun-16,1206.1,1204,1211.95,1188.15,1197.35,1199.5,1199.49,1515629,1817988769,52549,1015538,67
INFY,EQ,23-Jun-16,1199.5,1197.3,1214.85,1193.35,1210.75,1211.6,1203.62,1914313,2304105635,102672,1323086,69.12
INFY,EQ,24-Jun-16,1211.6,1188,1199,1160,1191.2,1194.55,1187.02,3904174,4634322656,80878,2621701,67.15
INFY,EQ,27-Jun-16,1194.55,1172.05,1183.2,1160,1165.05,1166.2,1170.54,2791889,3268027324,95815,1918370,68.71
INFY,EQ,28-Jun-16,1166.2,1162.8,1172.5,1155.1,1158.95,1159.15,1161.08,3827987,4444586239,140277,2706114,70.69
INFY,EQ,29-Jun-16,1159.15,1169,1179.9,1160.2,1177,1176.85,1169.63,2729575,3192594353,91172,1881552,68.93
INFY,EQ,30-Jun-16,1176.85,1180.5,1184.5,1167.95,1171.9,1170.8,1173.73,4673112,5484981719,117143,3365862,72.03
INFY,EQ,01-Jul-16,1170.8,1180,1180,1170.1,1171.05,1172.4,1174.4,1995956,2344042645,83613,1349474,67.61
INFY,EQ,04-Jul-16,1172.4,1176.2,1194.6,1176.2,1185,1183.95,1186.25,2690661,3191792275,97976,1883547,70
INFY,EQ,05-Jul-16,1183.95,1185,1187.5,1171.05,1174,1175.45,1176.77,1798208,2116084018,61330,1243480,69.15
INFY,EQ,07-Jul-16,1175.45,1168.7,1171,1155,1160,1157.25,1159.93,2977438,3453631860,131833,2162386,72.63
INFY,EQ,08-Jul-16,1157.25,1163,1167,1153.5,1161.95,1158.2,1161.28,2775824,3223520903,123336,1961216,70.65
INFY,EQ,11-Jul-16,1158.2,1167.4,1178.7,1160,1173.75,1175.05,1169.68,3334441,3900242644,97975,2357850,70.71
INFY,EQ,12-Jul-16,1175.05,1180,1180.35,1168,1176,1176.55,1174.18,3098684,3638403711,90016,2373310,76.59
INFY,EQ,13-Jul-16,1176.55,1180,1195.8,1175.2,1192.3,1193.8,1186.15,2637710,3128727246,73207,1749653,66.33
INFY,EQ,14-Jul-16,1193.8,1195,1196.05,1164,1177.65,1176.25,1179.62,3706664,4372439897,102739,2124160,57.31
INFY,EQ,15-Jul-16,1176.25,1189.5,1189.9,1052,1070.8,1072.55,1085.37,30742063,33366591098,707440,16865349,54.86
INFY,EQ,18-Jul-16,1072.55,1077.25,1084.9,1055.15,1081,1081.95,1072,7166412,7682361812,240953,3765678,52.55
INFY,EQ,19-Jul-16,1081.95,1088.6,1090,1074.1,1088,1086.95,1082.75,5202322,5632801599,178219,3912904,75.21
INFY,EQ,20-Jul-16,1086.95,1070,1089.9,1070,1083.5,1083.1,1081.83,4911448,5313369529,104095,3748211,76.32
INFY,EQ,21-Jul-16,1083.1,1079,1087.2,1075.6,1080.1,1079.9,1079.65,4334001,4679193731,130542,3410877,78.7
INFY,EQ,22-Jul-16,1079.9,1070,1079.9,1066.7,1074.5,1072.45,1070.52,4693269,5024244656,93296,3540180,75.43
INFY,EQ,25-Jul-16,1072.45,1063,1083.25,1063,1079.4,1080.85,1075.57,4234776,4554802179,97327,3134896,74.03
INFY,EQ,26-Jul-16,1080.85,1070.35,1089.9,1070.35,1086.05,1088.7,1085.65,3594805,3902694860,60846,2779791,77.33
INFY,EQ,27-Jul-16,1088.7,1084.7,1096.5,1078.55,1084,1085.35,1085.13,3715910,4032229606,65130,2545863,68.51
INFY,EQ,28-Jul-16,1085.35,1085.4,1086.95,1074.05,1077,1077.5,1078.63,5629281,6071912465,84046,4011003,71.25
INFY,EQ,29-Jul-16,1077.5,1072.6,1076.75,1066.5,1075,1073.85,1073.14,4078392,4376687908,96309,3242921,79.51
INFY,EQ,01-Aug-16,1073.85,1071.5,1087.85,1068.35,1086,1085.25,1078.19,4548331,4903963865,84226,3334677,73.32
INFY,EQ,02-Aug-16,1085.25,1079.9,1085,1075,1085,1083.8,1079.83,3411251,3683561727,74776,2617201,76.72
INFY,EQ,03-Aug-16,1083.8,1085.65,1086.5,1070.3,1085,1084.9,1078.92,3606730,3891373601,93756,2647344,73.4
INFY,EQ,04-Aug-16,1084.9,1086.4,1086.9,1070.05,1071.45,1071.8,1074.9,2118639,2277331567,64592,1505266,71.05
INFY,EQ,05-Aug-16,1071.8,1072,1073.45,1060,1065.05,1068,1066.86,2804984,2992534286,98969,1697874,60.53
INFY,EQ,08-Aug-16,1068,1069,1081,1062.55,1074.4,1078.7,1074.88,2321532,2495374580,86035,1538673,66.28
INFY,EQ,09-Aug-16,1078.7,1077,1084.5,1071.5,1080.4,1083.4,1079.81,3596332,3883365580,79692,2669754,74.24
INFY,EQ,10-Aug-16,1083.4,1076,1087.9,1075.2,1079.95,1082.35,1080.96,2788227,3013968179,72781,2075895,74.45
INFY,EQ,11-Aug-16,1082.35,1081.7,1095,1075.25,1078.75,1077.35,1081.51,2519276,2724633995,68282,1777921,70.57
INFY,EQ,12-Aug-16,1077.35,1075.05,1078.8,1060,1061.6,1062.55,1069.52,3724964,3983911355,116371,3085743,82.84
INFY,EQ,16-Aug-16,1062.55,1042,1058.05,1028,1052.2,1051.8,1046.71,8214704,8598374852,177774,5903358,71.86
INFY,EQ,17-Aug-16,1051.8,1049.95,1052.65,1030.5,1034.4,1033.3,1037.78,3299658,3424334724,134252,2205748,66.85
INFY,EQ,18-Aug-16,1033.3,1036.5,1039.1,1021.5,1023,1023.4,1028.77,4217000,4338343575,113563,3276027,77.69
INFY,EQ,19-Aug-16,1023.4,1030,1039,1018.45,1022.15,1021.3,1026.81,2843008,2919222195,132229,1815522,63.86
INFY,EQ,22-Aug-16,1021.3,1018,1030,1009.1,1015.9,1015.45,1014.33,5126759,5200200616,184159,3990981,77.85
INFY,EQ,23-Aug-16,1015.45,1020.1,1042,1020.1,1039.95,1039.65,1033.85,3703069,3828422615,135014,2009540,54.27
INFY,EQ,24-Aug-16,1039.65,1047,1062.05,1047,1055.15,1057.4,1056,3064983,3236633964,118286,1918920,62.61
INFY,EQ,25-Aug-16,1057.4,1055,1057.6,1032.1,1036.9,1036.15,1041.32,2398281,2497389786,67028,1496593,62.4
INFY,EQ,26-Aug-16,1036.15,1036,1046,1017.05,1019.7,1020.25,1028.03,3440527,3536957213,144271,2349851,68.3
INFY,EQ,29-Aug-16,1020.25,1017.6,1030,1011,1029.05,1022.8,1018.39,2610141,2658142523,137001,1817146,69.62
INFY,EQ,30-Aug-16,1022.8,1032.45,1045,1025,1040.25,1040.4,1035.23,2187719,2264785516,76218,1290759,59
INFY,EQ,31-Aug-16,1040.4,1037.1,1045.75,1027.8,1033.85,1035.85,1037.31,5569907,5777732671,131672,4051768,72.74
INFY,EQ,01-Sep-16,1035.85,1038,1040.45,1032,1037,1037.55,1036.28,1438913,1491112695,48366,926487,64.39
INFY,EQ,02-Sep-16,1037.55,1039.05,1040,1026.2,1030,1031.85,1032.75,1666296,1720872550,67456,1008397,60.52
INFY,EQ,06-Sep-16,1031.85,1038.25,1048.9,1035.6,1046,1045,1044.9,4107522,4291968460,105919,3330973,81.09
INFY,EQ,07-Sep-16,1045,1048,1059,1044,1049.85,1054.35,1052.97,3712735,3909393157,103327,2868961,77.27
INFY,EQ,08-Sep-16,1054.35,1045,1045,1024,1038.75,1037.65,1033.47,4546387,4698542573,108004,3565670,78.43
INFY,EQ,09-Sep-16,1037.65,1037,1041,1026.55,1036,1035.5,1033.89,2526719,2612343990,96783,1745305,69.07
INFY,EQ,12-Sep-16,1035.5,1025.25,1058,1025.25,1055,1054,1052.85,3101548,3265470607,104493,2117204,68.26
INFY,EQ,14-Sep-16,1054,1053.95,1057.8,1040.65,1044.95,1045.6,1051.8,2576209,2709659227,79152,1960796,76.11
INFY,EQ,15-Sep-16,1045.6,1045.6,1046.8,1035.35,1044.9,1042.2,1039.1,2350861,2442780874,53602,1601228,68.11
INFY,EQ,16-Sep-16,1042.2,1049,1064.5,1038.1,1055.65,1060.15,1054.92,4974692,5247899728,98707,4033043,81.07
INFY,EQ,19-Sep-16,1060.15,1046,1068.9,1041.35,1060.6,1061.2,1061.6,2904577,3083488888,70094,1965062,67.65
INFY,EQ,20-Sep-16,1061.2,1053.3,1057.15,1045.75,1052,1050.15,1049.18,2107002,2210615656,90429,1581481,75.06
INFY,EQ,21-Sep-16,1050.15,1054,1061.25,1051.05,1057.4,1055.75,1056.37,2115766,2235039198,68813,1550422,73.28
INFY,EQ,22-Sep-16,1055.75,1059,1061,1052,1061,1058.8,1057.37,1814757,1918861654,80240,1323050,72.91
INFY,EQ,23-Sep-16,1058.8,1057,1058.8,1040,1041,1042.55,1048.92,2602647,2729960271,57629,2018660,77.56
INFY,EQ,26-Sep-16,1042.55,1042.75,1044,1031,1036.05,1035.9,1035.98,3185899,3300515054,80536,2494365,78.29
INFY,EQ,27-Sep-16,1035.9,1035.05,1049.9,1033.35,1043,1039.75,1042.58,3262830,3401748998,62988,2337001,71.62
INFY,EQ,28-Sep-16,1039.75,1040,1042.3,1033.25,1037.9,1038.95,1037.88,2717354,2820298182,45609,2215443,81.53
INFY,EQ,29-Sep-16,1038.95,1044.95,1044.95,1024,1035.2,1029.2,1031.41,4451319,4591119674,79293,2905819,65.28
INFY,EQ,30-Sep-16,1029.2,1031.1,1043.9,1031.1,1033.8,1036.05,1039.62,3251177,3379989891,66361,2579919,79.35
INFY,EQ,03-Oct-16,1036.05,1035.5,1040,1026.1,1039.55,1038.1,1034.46,1828080,1891074154,64407,1242878,67.99
INFY,EQ,04-Oct-16,1038.1,1040,1051.4,1038.3,1049,1049.2,1044.6,2533293,2646274899,53736,1968217,77.69
INFY,EQ,05-Oct-16,1049.2,1049.2,1049.85,1037,1040.7,1041.5,1041.28,1153787,1201412564,49296,780315,67.63
INFY,EQ,06-Oct-16,1041.5,1045,1045,1025.95,1027,1027.4,1029.49,1860941,1915811566,82909,1389940,74.69
INFY,EQ,07-Oct-16,1027.4,1029.95,1033.8,1010.1,1011,1012.55,1016.9,3144279,3197411006,134156,2388826,75.97
INFY,EQ,10-Oct-16,1012.55,1017,1031.75,1010,1031,1029.95,1023.64,2706585,2770559297,64262,1830335,67.63
INFY,EQ,13-Oct-16,1029.95,1021.4,1058,1021.4,1050,1052.35,1048.53,4889345,5126616164,144394,3168398,64.8
INFY,EQ,14-Oct-16,1052.35,1052.9,1082.7,996.25,1025.7,1027.15,1035.98,16730845,17332866114,374818,5583591,33.37
INFY,EQ,17-Oct-16,1027.15,1034.95,1041.8,1017.35,1025.15,1022.4,1028.56,4007429,4121892313,74006,2741592,68.41
INFY,EQ,18-Oct-16,1022.4,1030,1040.5,1027.3,1039,1039.05,1033.41,3194067,3300781474,64906,2544497,79.66
INFY,EQ,19-Oct-16,1039.05,1042,1045.7,1036,1041.4,1041.8,1042.05,1754918,1828720112,46788,909872,51.85
INFY,EQ,20-Oct-16,1041.8,1044.75,1050.7,1033.8,1038,1036.65,1039.45,1767745,1837490210,53760,1207937,68.33
INFY,EQ,21-Oct-16,1036.65,1035,1041,1022.5,1037.5,1038.3,1036.08,1931810,2001515443,59548,1320286,68.34
INFY,EQ,24-Oct-16,1038.3,1037.5,1042.7,1025.5,1027.6,1027.1,1030.31,1451487,1495478010,44094,999233,68.84
INFY,EQ,25-Oct-16,1027.1,1036.5,1038.9,1015.2,1017.35,1017.2,1022.44,2818007,2881233443,80752,2245440,79.68
INFY,EQ,26-Oct-16,1017.2,1017,1019.85,1009.3,1013.2,1014.2,1013.36,1387608,1406142594,49773,849568,61.23
INFY,EQ,27-Oct-16,1014.2,1017.9,1017.95,1001.1,1004.5,1003.5,1007.07,3613895,3639452891,103905,2712276,75.05
INFY,EQ,28-Oct-16,1003.5,1005.2,1010,993.15,997,997.5,998.54,2920353,2916078942,76622,1795489,61.48
INFY,EQ,30-Oct-16,997.5,1001,1005.95,999.8,1002.4,1002.1,1002.14,319036,319718260.7,14192,195978,61.43
INFY,EQ,01-Nov-16,1002.1,1006.8,1006.8,986.4,990.4,989.45,992.37,3166399,3142237325,126304,2375242,75.01
INFY,EQ,02-Nov-16,989.45,984.8,987.5,980,980.5,981.05,982.57,2688597,2641723819,105692,1792927,66.69
INFY,EQ,03-Nov-16,981.05,981.05,982,965.1,968,966.85,970.25,2612554,2534834117,132420,1949956,74.64
INFY,EQ,04-Nov-16,966.85,967,979.2,961,971,971,970.61,3002774,2914529709,123012,2085301,69.45
INFY,EQ,07-Nov-16,971,985,986,975,978.95,977.95,980.47,2268836,2224535618,62718,1620084,71.41
INFY,EQ,08-Nov-16,977.95,986.9,987.75,970.6,982.6,982.6,979.56,2630554,2576778481,75639,1875977,71.31
INFY,EQ,09-Nov-16,982.6,930,974.6,901,963,958.3,950.89,6382079,6068657393,150348,3668267,57.48
INFY,EQ,10-Nov-16,958.3,962.5,962.5,935,946,939.4,944.17,3643665,3440236246,110042,2280848,62.6
INFY,EQ,11-Nov-16,939.4,940,945,918.7,921.9,921.55,927.27,3548391,3290317525,91104,2379688,67.06
INFY,EQ,15-Nov-16,921.55,924,939.95,908.55,917.6,923.55,924.7,4617925,4270173169,290307,3271877,70.85
INFY,EQ,16-Nov-16,923.55,930,956.85,928.55,935.4,940.9,946.16,6111308,5782269259,177387,4518704,73.94
INFY,EQ,17-Nov-16,940.9,934.25,949,926.4,928,929.8,938.14,2853365,2676845191,117685,1882131,65.96
INFY,EQ,18-Nov-16,929.8,930,933.25,917.5,918,920,925.99,3020114,2796602729,121639,2240830,74.2
INFY,EQ,21-Nov-16,920,926.9,926.9,906.95,914,911.1,918.76,3970284,3647743382,129057,3044568,76.68
INFY,EQ,22-Nov-16,911.1,916.9,928.65,911.65,914.85,914.2,918.14,2741563,2517129608,106048,2006559,73.19
INFY,EQ,23-Nov-16,914.2,922.1,922.9,912.45,921,920.25,918.81,4125893,3790922746,130883,3540359,85.81
INFY,EQ,24-Nov-16,920.25,928.2,939.9,923.3,930,930.3,931.71,8390322,7817314314,131479,7064694,84.2
INFY,EQ,25-Nov-16,930.3,930.45,985,930.45,974.7,977.5,971.84,6315690,6137814601,206134,3658597,57.93
INFY,EQ,28-Nov-16,977.5,979.3,983.45,970.6,978.05,979.75,978.12,3682856,3602267991,114279,2635667,71.57
INFY,EQ,29-Nov-16,979.75,978.8,984.7,967.1,973.45,972.6,976.81,3062753,2991717837,84322,2280029,74.44
INFY,EQ,30-Nov-16,972.6,973,977,961.05,974.05,975.55,973.42,4250459,4137474120,99676,2430712,57.19
INFY,EQ,01-Dec-16,975.55,976,983.55,967,974.95,975.6,974.84,2305795,2247777694,68019,1555051,67.44
INFY,EQ,02-Dec-16,975.6,964.8,969.6,961.1,963,964.5,966.01,2226614,2150941267,130557,1576117,70.79
INFY,EQ,05-Dec-16,964.5,965.9,968.6,958,961,961.65,961.83,1829788,1759944182,57931,1226781,67.04
INFY,EQ,06-Dec-16,961.65,961.8,979.5,961.65,968.55,966.5,971.03,1781055,1729462850,64774,1240008,69.62
INFY,EQ,07-Dec-16,966.5,968,973,960.2,966.7,966.4,967.48,1692990,1637934319,77351,1096672,64.78
INFY,EQ,08-Dec-16,966.4,970.05,986.1,970.05,985,984.65,983.22,2970831,2920977613,83482,2385393,80.29
INFY,EQ,09-Dec-16,984.65,985,1008.15,981.5,986,989.35,995.37,4324192,4304149911,121111,3195753,73.9
INFY,EQ,12-Dec-16,989.35,982.8,982.8,965.2,978,977.35,972.86,2672510,2599982626,74619,1834356,68.64
INFY,EQ,13-Dec-16,977.35,980.5,992.85,971.1,987.5,990.2,983.95,2427141,2388175697,71109,1818280,74.91
INFY,EQ,14-Dec-16,990.2,991,1004.95,984.1,999,999.75,996.89,2691307,2682939452,63665,1754716,65.2
INFY,EQ,15-Dec-16,999.75,997.4,1018.95,989,992.4,992.35,1007.8,3983208,4014289728,107209,2587459,64.96
INFY,EQ,16-Dec-16,992.35,1003.8,1009.7,997.75,1004.45,1005.15,1004.24,3218371,3232002246,93462,2410099,74.89
INFY,EQ,19-Dec-16,1005.15,1006.1,1008.25,994.1,1005,1004.65,1000.85,2062067,2063821245,52933,1578575,76.55
INFY,EQ,20-Dec-16,1004.65,1002,1019,1001.3,1013.5,1012.15,1012.54,3818249,3866136668,121711,2841078,74.41
INFY,EQ,21-Dec-16,1012.15,1016,1022,998.25,1002.5,1001.55,1011.82,3671988,3715406428,85526,2560729,69.74
INFY,EQ,22-Dec-16,1001.55,1002.5,1007,969.5,986,984.7,987.93,3530027,3487409630,109425,2137110,60.54
INFY,EQ,23-Dec-16,984.7,984.9,1006.6,973.6,988.25,988.45,989.92,3653018,3616211974,87394,2010219,55.03
INFY,EQ,26-Dec-16,988.45,988,994,975.1,983.35,982.75,983.28,1606914,1580049960,47565,958338,59.64
INFY,EQ,27-Dec-16,982.75,982.75,1001.9,980,996.9,998.95,993.09,2456408,2439426051,57508,1430604,58.24
INFY,EQ,28-Dec-16,998.95,1002.95,1009.8,995,999,998.5,1003.15,2738408,2747039845,81224,1853359,67.68
INFY,EQ,29-Dec-16,998.5,1003.75,1008,988.15,990,992.35,997.88,3120062,3113451672,92963,2303901,73.84
INFY,EQ,30-Dec-16,992.35,998,1012,992.75,1011,1010.6,1006.91,3633884,3659012156,100569,2574459,70.85
INFY,EQ,02-Jan-17,1010.6,1011.1,1012.95,999.35,1002.9,1001.1,1004.35,1167611,1172694416,28829,574481,49.2
INFY,EQ,03-Jan-17,1001.1,1004.1,1004.9,982,995.05,993.85,989.67,3389241,3354225264,113621,2102873,62.05
INFY,EQ,04-Jan-17,993.85,995.05,1004.2,992.25,992.45,997.75,998.94,3536793,3533038015,99650,2845068,80.44
INFY,EQ,05-Jan-17,997.75,1001.6,1009.5,988.75,996.2,996.15,1000.19,4103537,4104325150,100603,2906621,70.83
INFY,EQ,06-Jan-17,996.15,994.9,998.85,968.05,977.3,972.25,973.69,7196724,7007392619,171262,5117393,71.11
INFY,EQ,09-Jan-17,972.25,972.25,976.95,965,970,970.35,969.08,5272846,5109833703,86963,4055990,76.92
INFY,EQ,10-Jan-17,970.35,977,981,967.95,971.15,970.55,973.74,5969927,5813159905,97596,4934769,82.66
INFY,EQ,11-Jan-17,970.55,974.2,978.45,963.95,969.4,969.1,967.78,6120787,5923561832,192442,5112774,83.53
INFY,EQ,12-Jan-17,969.1,977.55,1004.4,977.55,1001.5,1000.05,992.36,5927870,5882574394,152968,4411560,74.42
INFY,EQ,13-Jan-17,1000.05,1030,1040,962.7,972.6,975.8,992.9,15638123,15527153070,327113,6396722,40.9
INFY,EQ,16-Jan-17,975.8,965,965.45,952.45,957.45,955.65,959.11,6175686,5923132618,139257,4103616,66.45
INFY,EQ,17-Jan-17,955.65,956.25,964,952.4,955.55,955.4,958.04,2780047,2663386306,80315,1855612,66.75
INFY,EQ,18-Jan-17,955.4,958.1,961,949.8,950.9,950.8,955.6,2976481,2844323919,109771,2237717,75.18
INFY,EQ,19-Jan-17,950.8,951,959.6,948.1,957.5,958.1,954,4438240,4234068518,139441,3419253,77.04
INFY,EQ,20-Jan-17,958.1,950,953.15,946,946.15,948.7,949,4562371,4329702970,106341,3473135,76.13
INFY,EQ,23-Jan-17,948.7,945,958,940,952.95,952.7,953.45,3974290,3789278960,116065,3061999,77.05
INFY,EQ,24-Jan-17,952.7,950,950,940.1,946.05,945.55,944.02,3413005,3221953219,101476,2591594,75.93
INFY,EQ,25-Jan-17,945.55,946.1,946.8,934.8,936.55,936.6,939.73,4989045,4688355349,123432,4067810,81.53
INFY,EQ,27-Jan-17,936.6,933.85,947.55,901.15,942.65,942.15,939.2,5317569,4994263503,119331,3829337,72.01
INFY,EQ,30-Jan-17,942.15,937.5,951.5,928.85,948.05,949.35,943.57,5684604,5363833728,147702,4540626,79.88
INFY,EQ,31-Jan-17,949.35,941.5,941.5,904.35,929.4,928.6,925.07,12034267,11132572522,275395,8079333,67.14
INFY,EQ,01-Feb-17,928.6,921.1,923.2,905.15,916,916.75,913.71,5765891,5268375697,170177,3683002,63.88
INFY,EQ,02-Feb-17,916.75,917,945,910.1,934.7,935.9,931.77,5914134,5510613427,123387,3446045,58.27
INFY,EQ,03-Feb-17,935.9,933.8,940.9,921.05,934.05,936.1,929.96,4211979,3916979843,136814,2547270,60.48
INFY,EQ,06-Feb-17,936.1,937.25,943.75,930.55,934,935.25,935.91,3363967,3148362599,90322,2314695,68.81
INFY,EQ,07-Feb-17,935.25,933,949.8,928.55,946,942.25,937.35,4634001,4343703630,78781,3112165,67.16
INFY,EQ,08-Feb-17,942.25,936,944.1,932.45,934,936.5,936.48,3159981,2959255451,104030,1911505,60.49
INFY,EQ,09-Feb-17,936.5,937,950,936.55,946,946,944.59,5953633,5623726244,212836,4175914,70.14
INFY,EQ,10-Feb-17,946,946.25,972,943.3,967,968.3,959.62,6126226,5878867733,147110,3794919,61.95
INFY,EQ,13-Feb-17,968.3,972.85,986.1,962.85,984,984.35,978.43,6862134,6714084291,115322,4728443,68.91
INFY,EQ,14-Feb-17,984.35,980,989,972.35,987.75,987.7,982.86,4669409,4589393176,93050,3466290,74.23
INFY,EQ,15-Feb-17,987.7,989.2,998.8,968.8,982.15,981.8,984.58,3629743,3573754984,69110,2050457,56.49
INFY,EQ,16-Feb-17,981.8,991,1013.9,990.05,1012,1012.1,1004.57,6407929,6437217885,114268,4334352,67.64
INFY,EQ,17-Feb-17,1012.1,1013.75,1013.75,992.7,999,1000.1,1000.09,2425604,2425826884,67547,1218285,50.23
INFY,EQ,20-Feb-17,1000.1,996.5,1031,993.5,1030,1010.25,1002.49,2325331,2331129298,57830,1302153,56
INFY,EQ,21-Feb-17,1010.25,1022.1,1024.5,1000.05,1011,1013.6,1014.45,3806998,3862010544,86430,2370356,62.26
INFY,EQ,22-Feb-17,1013.6,1015,1015,986.4,991,990.15,994.38,3303919,3285353834,121253,2257631,68.33
INFY,EQ,23-Feb-17,990.15,998.9,1020,993.35,1006.55,1008.85,1009.55,4771328,4816916303,103839,2997647,62.83
INFY,EQ,27-Feb-17,1008.85,1007.3,1023,1006.95,1013.05,1012.4,1017.4,2664348,2710714927,83469,1726327,64.79
INFY,EQ,28-Feb-17,1012.4,1011.85,1022.7,1009.25,1012,1012.4,1014.8,2970066,3014022678,93851,2034698,68.51
INFY,EQ,01-Mar-17,1012.4,1012,1027,1010.1,1025.25,1025.15,1024.23,2141224,2193095873,114684,1433135,66.93
INFY,EQ,02-Mar-17,1025.15,1024.4,1028,1016.5,1018.9,1023.3,1024.05,1474249,1509698903,42399,854240,57.94
INFY,EQ,03-Mar-17,1023.3,1010.25,1034.3,1000.4,1032.15,1031.2,1021.08,2700806,2757727851,74416,1583078,58.62
INFY,EQ,06-Mar-17,1031.2,1020.05,1035.95,1019.7,1033,1033.9,1030.4,2643193,2723532993,71674,1692358,64.03
INFY,EQ,07-Mar-17,1033.9,1022,1025.8,1014.7,1018.8,1019.8,1020.25,2322248,2369267970,74091,1584296,68.22
INFY,EQ,08-Mar-17,1019.8,1016.9,1016.9,1004.45,1008.15,1007.8,1009.02,3089588,3117465750,65695,2298442,74.39
INFY,EQ,09-Mar-17,1007.8,1007.8,1013,999,1011.2,1011.55,1007.88,1740315,1754027663,80001,1024481,58.87
INFY,EQ,10-Mar-17,1011.55,1015,1027.65,1013.4,1021.5,1021.85,1021.75,2275162,2324657633,66765,1545603,67.93
INFY,EQ,14-Mar-17,1021.85,1022.8,1041.9,1022.8,1035.3,1034.8,1034.12,3939198,4073612175,93944,3000106,76.16
INFY,EQ,15-Mar-17,1034.8,1034.9,1034.9,1007.5,1011.2,1011.95,1013.81,3186989,3230988617,135842,2077875,65.2
INFY,EQ,16-Mar-17,1011.95,1013.3,1031.7,1013.3,1029,1028.85,1024.89,3351478,3434894916,91634,2608709,77.84
INFY,EQ,17-Mar-17,1028.85,1035.4,1042.9,1019.25,1039,1040.3,1034.03,4753923,4915686887,132876,3727612,78.41
INFY,EQ,20-Mar-17,1040.3,1026.55,1026.55,1015.1,1020.3,1021.5,1020.31,2213694,2258652533,85988,1405382,63.49
INFY,EQ,21-Mar-17,1021.5,1020.9,1034.95,1018.8,1028.8,1032.85,1029,2434792,2505412044,61479,1830413,75.18
INFY,EQ,22-Mar-17,1032.85,1022.45,1039.95,1020.4,1027.5,1027.7,1028.79,1995426,2052872403,69882,1221757,61.23
INFY,EQ,23-Mar-17,1027.7,1028.25,1043,1026.6,1040.25,1040.45,1038.53,2250831,2337555355,70900,1648541,73.24
INFY,EQ,24-Mar-17,1040.45,1038,1044,1027.7,1028.1,1031.4,1033.26,2441948,2523166659,75313,1751499,71.73
INFY,EQ,27-Mar-17,1031.4,1027.2,1041.85,1024.5,1035,1028.85,1032.85,3842412,3968617436,118204,2995550,77.96
INFY,EQ,28-Mar-17,1028.85,1031.5,1039,1030.05,1038.95,1035.15,1035.21,2398398,2482850262,69503,1930783,80.5
INFY,EQ,29-Mar-17,1035.15,1034.3,1041.5,1025.85,1033.8,1031.85,1032.47,3490593,3603938737,60565,2566972,73.54
INFY,EQ,30-Mar-17,1031.85,1034,1035.9,1020.25,1023,1025.5,1026.08,6078590,6237092368,94441,5137369,84.52
INFY,EQ,31-Mar-17,1025.5,1023.25,1029.3,1008,1022.5,1022.25,1019.49,7076927,7214831803,96201,5852533,82.7
INFY,EQ,03-Apr-17,1022.25,1032.15,1032.45,1006.1,1010.3,1008.8,1010.88,2157800,2181287096,66898,1331562,61.71
INFY,EQ,05-Apr-17,1008.8,1005,1005.4,991,995.2,995.95,997.87,3699169,3691274935,155256,2625496,70.98
INFY,EQ,06-Apr-17,995.95,998.15,1005.8,992,997.45,999.6,1000.46,2689504,2690729251,80666,1937935,72.06
INFY,EQ,07-Apr-17,999.6,1000.9,1000.9,979,982.6,981.55,985.56,3202254,3156004780,97036,2127344,66.43
INFY,EQ,10-Apr-17,981.55,984.9,989.5,950.1,951.05,953.4,965.01,4764236,4597514332,94190,3501343,73.49
INFY,EQ,11-Apr-17,953.4,956.05,971.7,956.05,968,967.15,966.2,4327733,4181469033,104526,3013419,69.63
INFY,EQ,12-Apr-17,967.15,970,976.9,960.35,967.85,968.85,969.16,3348376,3245103251,86217,2109176,62.99
INFY,EQ,13-Apr-17,968.85,970,990,926.65,932.9,931.4,942.95,15486594,14603160521,368460,6306494,40.72
INFY,EQ,17-Apr-17,931.4,930,932.1,923.5,924.75,924.9,926.27,3606717,3340781677,110168,2201285,61.03
INFY,EQ,18-Apr-17,924.9,924.75,934,919.1,923.05,922.65,925.65,2323759,2150985535,77903,1279625,55.07
INFY,EQ,19-Apr-17,922.65,923,930,912.65,919.4,919.2,917.13,5035851,4618541692,123370,3339609,66.32
INFY,EQ,20-Apr-17,919.2,921.5,929.7,918.55,928.15,927.3,924.5,2274500,2102780031,104880,1326416,58.32
INFY,EQ,21-Apr-17,927.3,934.8,934.8,921.1,922.5,923.7,925.43,1788733,1655346159,62461,1072711,59.97
INFY,EQ,24-Apr-17,923.7,917.5,928.5,913,927,926.55,919.84,2778333,2555623447,78246,1694772,61
INFY,EQ,25-Apr-17,926.55,925.9,933,920.55,929.6,929.35,929.27,2368530,2200992057,104070,1433101,60.51
INFY,EQ,26-Apr-17,929.35,929.95,935.55,910.2,914.15,914.25,916.98,4542248,4165168442,125006,3249587,71.54
INFY,EQ,27-Apr-17,914.25,916,929,916,927.2,925.25,923.8,3898604,3601521629,113696,3119178,80.01
INFY,EQ,28-Apr-17,925.25,926.85,927.4,915.6,921,918.95,919.78,2514851,2313115919,79880,1875526,74.58
INFY,EQ,02-May-17,918.95,924,926.4,915.1,923.15,922.6,921.65,1615563,1488984260,85885,1084913,67.15
INFY,EQ,03-May-17,922.6,926.5,939.1,917.65,934,934.3,932.19,2329724,2171737625,74214,1143378,49.08
INFY,EQ,04-May-17,934.3,937,939.65,928.9,936,937.65,935.94,2639903,2470785901,104986,1871689,70.9
INFY,EQ,05-May-17,937.65,936,937.35,920,930,931.5,927.04,2216394,2054687486,108343,1405444,63.41
INFY,EQ,08-May-17,931.5,938,948.55,932,943.1,945.5,940.67,2353549,2213917286,99288,1802048,76.57
INFY,EQ,09-May-17,945.5,950.6,951.95,942.1,946.95,946.65,947.01,2824686,2675013934,97850,2189223,77.5
INFY,EQ,10-May-17,946.65,947.15,950,937.15,945.3,943.65,943.23,1682151,1586652710,54391,1192739,70.91
INFY,EQ,11-May-17,943.65,946.85,949.85,937.55,944.05,944.1,945.45,1614741,1526662167,67623,1146230,70.99
INFY,EQ,12-May-17,944.1,953,966,951.45,965.45,964.25,959.75,5489998,5269035238,111297,4090114,74.5
INFY,EQ,15-May-17,964.25,963.5,963.5,949.1,953.25,951.55,951.49,3648582,3471579745,75335,3052819,83.67
INFY,EQ,16-May-17,951.55,953.1,960.15,946.95,956,955,952.92,3065084,2920775219,71808,1858063,60.62
INFY,EQ,17-May-17,955,951.6,958.45,943.85,952.9,952.8,949.48,1457754,1384109512,75429,792251,54.35
INFY,EQ,18-May-17,952.8,943,973.9,942.85,960.25,961.75,962.61,4028924,3878281748,120990,2309450,57.32
INFY,EQ,19-May-17,961.75,961.5,962.7,947.85,957.4,957.95,954.18,2128698,2031155370,88897,1457747,68.48
INFY,EQ,22-May-17,957.95,958.4,966.9,956.55,960,961.45,962.29,2751526,2647754820,99616,2034031,73.92
INFY,EQ,23-May-17,961.45,964.65,967,954.1,957.5,957.3,960.16,2019991,1939514665,80122,1436389,71.11
INFY,EQ,24-May-17,957.3,960,965.5,949.6,957,954.8,958.37,2818143,2700826858,56898,1913750,67.91
INFY,EQ,25-May-17,954.8,961,986.6,961,981,983.3,978.16,5219257,5105249719,76160,4108984,78.73
INFY,EQ,26-May-17,983.3,987,1000,980.6,996.05,995.7,994.06,2494002,2479193882,63671,1477643,59.25
INFY,EQ,29-May-17,995.7,990.9,996.7,975.7,986,985.15,983.11,3154217,3100929032,83084,2272869,72.06
INFY,EQ,30-May-17,985.15,982,1000,978.65,993,996.2,995.45,1858455,1850003638,62012,1280033,68.88
INFY,EQ,31-May-17,996.2,993.55,993.55,974.85,976.05,977.05,980.19,3881950,3805051203,121323,3086038,79.5
INFY,EQ,01-Jun-17,977.05,969.3,979.7,958.55,971.25,971.4,969.49,2754303,2670262585,81421,1822506,66.17
INFY,EQ,02-Jun-17,971.4,973.4,975.45,964.2,966,969.45,968.76,1958983,1897792689,48927,1396644,71.29
INFY,EQ,05-Jun-17,969.45,970,972,957.05,959,958.75,961.71,2731349,2626761463,83794,1941199,71.07
INFY,EQ,06-Jun-17,958.75,965,987.5,964.4,980,979.35,980.08,3504343,3434525874,83178,2018029,57.59
INFY,EQ,07-Jun-17,979.35,985,988.9,945,959.3,961.3,963.75,6227523,6001805446,139990,2519343,40.45
INFY,EQ,08-Jun-17,961.3,962.95,962.95,948.15,956.05,956.45,952.81,3097676,2951501577,88147,1778850,57.43
INFY,EQ,09-Jun-17,956.45,938.55,950.95,923,949,948.6,937.55,7378831,6918028230,161124,3054942,41.4
INFY,EQ,12-Jun-17,948.6,943.35,965.2,940.1,964.4,963.85,953.95,4295838,4097996731,89686,2215716,51.58
INFY,EQ,13-Jun-17,963.85,953.5,962.95,951.6,957.95,957.8,958.26,2468897,2365833764,69355,1449584,58.71
INFY,EQ,14-Jun-17,957.8,960,961.9,951.2,958.5,958.6,957.02,3719055,3559194777,90312,2710765,72.89
INFY,EQ,15-Jun-17,958.6,959.65,967.95,949.6,951.35,952.1,956.12,2764031,2642752622,67490,1852460,67.02
INFY,EQ,16-Jun-17,952.1,949.1,953.85,936,937,940.25,942.47,5474225,5159269025,109487,4241070,77.47
INFY,EQ,19-Jun-17,940.25,939.95,940.25,928,930.8,929.85,931.98,3427930,3194759665,82075,2297829,67.03
INFY,EQ,20-Jun-17,929.85,935,946.9,934.05,944.25,943.55,943.01,2592198,2444471885,105790,1509148,58.22
INFY,EQ,21-Jun-17,943.55,945,949,936.05,948.55,943.35,941.04,1867932,1757791621,59945,1286468,68.87
INFY,EQ,22-Jun-17,943.35,947.7,968.7,935.1,939,940.15,953.78,4732621,4513895878,115123,2848768,60.19
INFY,EQ,23-Jun-17,940.15,945,949.15,938,943.05,943.25,943.77,3201509,3021488880,118944,2359021,73.68
INFY,EQ,27-Jun-17,943.25,945,948,923.75,926,927.05,929.06,3452330,3207420227,113272,2392340,69.3
INFY,EQ,28-Jun-17,927.05,932.8,933,921,924,924.7,925.73,2952612,2733310089,98295,2094305,70.93
INFY,EQ,29-Jun-17,924.7,930.2,947.95,926.6,929,930.2,935.13,7957020,7440838110,103952,5660732,71.14
INFY,EQ,30-Jun-17,930.2,930.8,938,929,934.4,935.55,934.42,2108350,1970090052,64325,1526984,72.43
INFY,EQ,03-Jul-17,935.55,941.1,955,934.6,953.6,951.9,945.66,2544462,2406192366,62128,1419172,55.77
INFY,EQ,04-Jul-17,951.9,953.85,970,949.4,961,962.15,962.03,2583863,2485762341,54690,1493619,57.81
INFY,EQ,05-Jul-17,962.15,959,959,945.4,952,950.9,950.46,2113114,2008422007,58308,1201934,56.88
INFY,EQ,06-Jul-17,950.9,945,957,944.2,946.8,947,950.12,1914860,1819345351,56849,1143132,59.7
INFY,EQ,07-Jul-17,947,943.85,945.45,933.05,935.1,935.4,938.78,2888443,2711621746,98641,2118035,73.33
INFY,EQ,10-Jul-17,935.4,945,1028.9,937.3,953.3,957.05,953.49,847546,808125207.5,17862,426402,50.31
INFY,EQ,11-Jul-17,957.05,956.65,989.5,956.65,978.6,975.35,978.98,5769854,5648578195,113632,3220051,55.81
INFY,EQ,12-Jul-17,975.35,974.95,981.5,968.75,973,972.35,974.41,3137988,3057672504,77201,2147850,68.45
INFY,EQ,13-Jul-17,972.35,977.25,983.45,964.1,980,977.05,977,2585196,2525724825,74502,1139208,44.07
INFY,EQ,14-Jul-17,977.05,999.45,1006.85,966.05,970,972.05,985.55,11239090,11076697426,246571,4902877,43.62
INFY,EQ,17-Jul-17,972.05,975,992,974,985.55,984.05,984.54,3849125,3789602386,85783,2209178,57.39
INFY,EQ,18-Jul-17,984.05,986.05,1004.8,981.1,983.65,985.6,995.69,4130090,4112296075,93509,2299835,55.68
INFY,EQ,19-Jul-17,985.6,981.45,988.65,969.1,979.6,979.85,976.12,2945139,2874801640,105595,1545101,52.46
INFY,EQ,20-Jul-17,979.85,979.3,979.85,966.95,969,969.45,970.69,3404870,3305085666,101526,2486394,73.02
INFY,EQ,21-Jul-17,969.45,973,982.55,971.4,979.9,980.1,978.45,2990377,2925921840,68179,1923535,64.32
INFY,EQ,24-Jul-17,980.1,983.5,994,982.6,990.5,990.55,989.58,3064588,3032646958,110820,2177458,71.05
INFY,EQ,25-Jul-17,990.55,990,999,986.2,994,993.85,992.82,3572807,3547155444,104586,2636530,73.79
INFY,EQ,26-Jul-17,993.85,998.1,999,990.4,994,994.05,993.84,3435012,3413852845,104013,2857462,83.19
INFY,EQ,27-Jul-17,994.05,996,1004,966.8,969.85,971.05,981.64,6338426,6222055607,100543,4878648,76.97
INFY,EQ,28-Jul-17,971.05,976,1003,962.3,995.7,997.35,987.2,5549214,5478201640,92083,3196985,57.61
INFY,EQ,31-Jul-17,997.35,991.9,1021.7,986.75,1015,1011.2,1007.77,9579124,9653593591,194493,6840218,71.41
INFY,EQ,01-Aug-17,1011.2,1011,1017,998.35,1004.5,1005.55,1005.38,3844699,3865373993,74672,2634496,68.52
INFY,EQ,02-Aug-17,1005.55,1006,1012.75,987.2,989.1,993.35,999.06,2128792,2126780545,64338,1154252,54.22
INFY,EQ,03-Aug-17,993.35,991,998.75,980.25,981.8,984,988.23,2320174,2292869697,64881,1484098,63.96
INFY,EQ,04-Aug-17,984,988,989,976.05,983.5,983.75,981.53,2674509,2625108705,54851,1951568,72.97
INFY,EQ,07-Aug-17,983.75,983.5,983.75,965.7,966.5,968.25,972.33,3036872,2952834608,75997,2439913,80.34
INFY,EQ,08-Aug-17,968.25,968.5,970.25,955.05,963.5,963.85,963.45,3002324,2892578681,83371,2062272,68.69
INFY,EQ,09-Aug-17,963.85,967.65,973.9,964.55,970.7,969.35,969.56,1961205,1901504150,74542,1112721,56.74
INFY,EQ,10-Aug-17,969.35,969.9,987.5,969.35,984.95,981.25,982,4570342,4488072667,118468,3294424,72.08
INFY,EQ,11-Aug-17,981.25,976,997,969.6,986.5,987.7,986.81,3272078,3228922463,85957,2064364,63.09
INFY,EQ,14-Aug-17,987.7,988,989.2,977.15,982,981.45,981.62,1908235,1873162936,83142,1423038,74.57
INFY,EQ,16-Aug-17,981.45,982,986.1,969,979.35,975.2,975.79,3089040,3014254126,73688,2010754,65.09
INFY,EQ,17-Aug-17,975.2,1005,1029.25,998.05,1021.05,1020.85,1012.61,12892130,13054759561,219380,8130105,63.06
INFY,EQ,18-Aug-17,1020.85,1017.9,1017.9,884.2,923.15,923.25,932.15,82202480,76625024333,1192900,42028494,51.13
INFY,EQ,21-Aug-17,923.25,924,924,870,870.15,873.4,888.68,45203588,40171479151,844350,20137307,44.55
INFY,EQ,22-Aug-17,873.4,895.2,897.05,860,876,875.4,876.3,24621299,21575553324,436450,10004177,40.63
INFY,EQ,23-Aug-17,875.4,880,903.7,873.9,893.4,892.8,890.37,30642095,27282913879,431562,15763891,51.45
INFY,EQ,24-Aug-17,892.8,910,918.25,902.35,911.5,912.15,910.72,21190262,19298432842,379260,13139149,62.01
INFY,EQ,28-Aug-17,912.15,943.95,953.95,938,940.3,941,944.82,20356054,19232850863,339901,11887057,58.4
INFY,EQ,29-Aug-17,941,941.45,942,925.55,926.75,927.45,933.49,6684696,6240109664,148591,3807364,56.96
INFY,EQ,30-Aug-17,927.45,937.2,939,924.1,926.7,926.65,930.56,8074832,7514125822,147639,4723273,58.49
INFY,EQ,31-Aug-17,926.65,928.8,928.95,912.9,915,914.95,916.78,7511226,6886139481,174045,4983033,66.34
INFY,EQ,01-Sep-17,914.95,915.95,925.9,910,919.85,919.95,919.57,4216961,3877809876,81607,2288888,54.28
INFY,EQ,04-Sep-17,919.95,921,921.1,893.5,899.95,900.2,904.13,5088554,4600718442,141455,2605004,51.19
INFY,EQ,05-Sep-17,900.2,902,905,897.25,901,901.9,901.02,4891696,4407506232,79400,3043364,62.21
INFY,EQ,06-Sep-17,901.9,900,900.3,890,896.9,895.6,894.39,3867955,3459475483,126593,2169351,56.09
INFY,EQ,07-Sep-17,895.6,900,900.5,892.35,894.65,895.75,896.04,3120596,2796180948,74906,2144854,68.73
INFY,EQ,08-Sep-17,895.75,899,899,882.1,884,884.3,888.07,4302271,3820696332,78811,2781198,64.64
INFY,EQ,11-Sep-17,884.3,890.4,891.8,873.65,879.95,878.7,880.91,6893821,6072846748,145836,4926886,71.47
INFY,EQ,12-Sep-17,878.7,882.55,887.75,878.8,883.25,884.05,881.98,8620677,7603270020,94378,7004148,81.25
INFY,EQ,13-Sep-17,884.05,885.5,887.6,881,884.5,883.75,883.75,5739114,5071927188,136009,4337096,75.57
INFY,EQ,14-Sep-17,883.75,884.5,896.6,881.6,892.3,892.4,891.42,6849003,6105328297,110957,5034797,73.51
INFY,EQ,15-Sep-17,892.4,892.3,913.25,892.2,908.6,908.25,904.85,6729730,6089408744,99888,4438125,65.95
INFY,EQ,18-Sep-17,908.25,910,917.75,906.3,908.8,909.1,912.83,4237930,3868513182,77992,3189815,75.27
INFY,EQ,19-Sep-17,909.1,908,916,903.5,912.7,912.25,911.15,3016665,2748642130,79618,1885792,62.51
INFY,EQ,20-Sep-17,912.25,917,917,907.45,913.3,912.7,910.97,2883915,2627153268,46614,2044262,70.88
INFY,EQ,21-Sep-17,912.7,915,915.25,908.15,911,909.55,910.99,4102076,3736951963,42387,3197445,77.95
INFY,EQ,22-Sep-17,909.55,908.15,910.25,888,899,898.3,897.32,8802044,7898273388,101141,6337990,72.01
INFY,EQ,25-Sep-17,898.3,901,901.95,889.1,901,895.35,894.32,4544350,4064084916,83796,3038937,66.87
INFY,EQ,26-Sep-17,895.35,897,908.4,894.3,901.75,905.9,900.14,3683239,3315416203,101232,2519693,68.41
INFY,EQ,27-Sep-17,905.9,906.1,907.9,895.1,895.9,899.8,900.49,3000069,2701542236,88378,1994987,66.5
INFY,EQ,28-Sep-17,899.8,896.1,903.9,894.3,896,896,897.71,8768633,7871666208,135425,7778115,88.7
INFY,EQ,29-Sep-17,896,898,902.4,895,899,899.9,899.31,2852916,2565651057,79579,2099609,73.6
INFY,EQ,03-Oct-17,899.9,910.1,912,901.6,903.05,903.55,905.66,2473761,2240392336,98569,1968356,79.57
INFY,EQ,04-Oct-17,903.55,903,905.4,897.15,901.45,899.6,901.13,2495746,2248997167,81198,1658660,66.46
INFY,EQ,05-Oct-17,899.6,900,904.95,899,903,903.05,902.78,4305650,3887063883,46048,3573231,82.99
INFY,EQ,06-Oct-17,903.05,904,922,903.95,920.5,920.15,916.53,4287154,3929315140,76214,2820790,65.8
INFY,EQ,09-Oct-17,920.15,920,929,914,924.25,923.9,923.72,1752416,1618746285,39646,1158064,66.08
INFY,EQ,10-Oct-17,923.9,939.95,939.95,929.55,935.15,935.45,935.46,3571610,3341105876,103093,1997414,55.92
INFY,EQ,11-Oct-17,935.45,935.45,938,928,930.6,930.7,932.27,2991252,2788647778,95474,2208694,73.84
INFY,EQ,12-Oct-17,930.7,930,934.35,919.55,928.35,927.3,924.62,5140486,4753015820,108653,3208005,62.41
INFY,EQ,13-Oct-17,927.3,932.8,933.5,927.55,929.05,930.1,929.7,3590364,3337968430,104364,2662742,74.16
INFY,EQ,16-Oct-17,930.1,935.95,942,933,939,939,937.81,2879375,2700304306,78589,1957128,67.97
INFY,EQ,17-Oct-17,939,936.8,936.8,929.5,930.75,930.5,932.11,2812551,2621611619,77515,2204290,78.37
INFY,EQ,18-Oct-17,930.5,928.9,930,922.95,925,924.35,926.7,3615926,3350868643,78889,2866352,79.27
INFY,EQ,19-Oct-17,924.35,930,932,925.2,927.75,926.95,927.39,545717,506094102.6,13886,379479,69.54
INFY,EQ,23-Oct-17,926.95,930,942,928.1,940.95,939.5,936.18,4577048,4284920340,105211,3700749,80.85
INFY,EQ,24-Oct-17,939.5,946,946.65,921.6,924.35,926.5,933.61,7264664,6782341418,117978,5282209,72.71
INFY,EQ,25-Oct-17,926.5,919,944.7,915.25,934.25,935.3,934.05,6992067,6530973260,176833,4211146,60.23
INFY,EQ,26-Oct-17,935.3,942,951.8,940.1,948.55,947.35,946.46,16829629,15928597286,144857,13667670,81.21
INFY,EQ,27-Oct-17,947.35,955,957.7,944,947,946.35,948.86,4262478,4044495152,108092,3305472,77.55
INFY,EQ,30-Oct-17,946.35,954.65,954.65,941.05,943.9,944.1,946.96,6484163,6140238516,120848,5395557,83.21
INFY,EQ,31-Oct-17,944.1,925,930,920,922,921.85,924.74,4977494,4602897345,68301,3547519,71.27
INFY,EQ,01-Nov-17,921.85,925,929.4,923.3,926,927.05,925.92,2816567,2607904113,59211,2042973,72.53
INFY,EQ,02-Nov-17,927.05,923.05,926,920,923.1,922.9,923.13,2343069,2162955678,81286,1802504,76.93
INFY,EQ,03-Nov-17,922.9,917,929.9,916.95,926.8,926.65,926.37,1849543,1713353953,51904,1193264,64.52
INFY,EQ,06-Nov-17,926.65,923.15,935,922.65,928.8,928.7,927.57,2533267,2349782381,69707,2018399,79.68
INFY,EQ,07-Nov-17,928.7,926.25,960,925.85,955.35,955.5,951.18,6721410,6393285439,145532,4037210,60.06
INFY,EQ,08-Nov-17,955.5,960.25,961.85,947.5,951.95,952.3,955.2,2684997,2564719195,88636,1805469,67.24
INFY,EQ,09-Nov-17,952.3,953,963,948.25,954,954.5,954.92,2361616,2255155224,67747,1533245,64.92
INFY,EQ,10-Nov-17,954.5,958.8,964.35,950,963.5,962.05,959.46,3294714,3161144505,63848,2512523,76.26
INFY,EQ,13-Nov-17,962.05,962.05,969.4,949.35,952.55,951.95,958.24,2510608,2405762223,58964,1661218,66.17
INFY,EQ,14-Nov-17,951.95,951.95,954.85,943.25,949.1,949.1,948.44,2866855,2719052888,74967,2228100,77.72
INFY,EQ,15-Nov-17,949.1,945.15,953.5,944.5,950.75,951.8,950.67,3511758,3338522494,98311,2786780,79.36
INFY,EQ,16-Nov-17,951.8,951.8,995.9,948.5,989.95,988.4,978.58,7843751,7675734065,224690,4903542,62.52
INFY,EQ,17-Nov-17,988.4,985.5,985.5,965.15,965.5,970.95,974.04,4028835,3924263396,178425,2591711,64.33
INFY,EQ,20-Nov-17,970.95,969,971,957.25,960.95,960.55,961.63,2830595,2721971566,66198,1831803,64.71
INFY,EQ,21-Nov-17,960.55,961.3,971.5,960.05,965.5,966.25,966.87,2682328,2593469144,74479,1805267,67.3
INFY,EQ,22-Nov-17,966.25,966.6,971.05,963.3,965.3,966.3,966.54,3042460,2940669553,57418,2449238,80.5
INFY,EQ,23-Nov-17,966.3,971.5,994.45,969,991.15,991.25,984.7,5947309,5856291708,141525,3359566,56.49
INFY,EQ,24-Nov-17,991.25,990.9,1019.3,990.2,1008,1009.55,1010.09,9309956,9403912992,180427,5767868,61.95
INFY,EQ,27-Nov-17,1009.55,1006.7,1006.7,993.3,996.55,998.75,997.92,3008865,3002607598,75428,1732581,57.58
INFY,EQ,28-Nov-17,998.75,994.4,999.9,981.3,982.15,984.7,988.73,2308434,2282406446,61722,1311641,56.82
INFY,EQ,29-Nov-17,984.7,987.65,991.95,980.3,983.5,982.7,984.37,1919035,1889032576,50324,896450,46.71
INFY,EQ,30-Nov-17,982.7,989.45,989.45,968.35,972.5,976.1,978.17,8633472,8445010644,126288,5893906,68.27
INFY,EQ,01-Dec-17,976.1,979.4,983.2,957.05,960,958.8,966.26,2042500,1973590610,49881,1012750,49.58
INFY,EQ,04-Dec-17,958.8,980,996.8,968.55,984.4,985.35,985.73,8905803,8778677871,150296,3727405,41.85
INFY,EQ,05-Dec-17,985.35,985.35,1003,979,984.3,984.35,990.92,4988369,4943095296,106371,2190959,43.92
INFY,EQ,06-Dec-17,984.35,985,994.1,984,987.8,990.3,989.37,3745047,3705251090,121883,2367807,63.23
INFY,EQ,07-Dec-17,990.3,989,1002.9,985.6,999.85,999.8,995.95,3774772,3759492032,106502,2442675,64.71
INFY,EQ,08-Dec-17,999.8,1001,1007,995,999.4,1001.85,1002.25,2991622,2998343941,109714,2139664,71.52
INFY,EQ,11-Dec-17,1001.85,994.95,1006.9,993.95,1005.4,1005.3,1000.75,2569549,2571485667,64951,1914506,74.51
INFY,EQ,12-Dec-17,1005.3,1002,1014,1002,1010.5,1010.5,1009.41,4660217,4704066529,125676,3609637,77.46
INFY,EQ,13-Dec-17,1010.5,1010.9,1019,997.65,1005,1003.75,1010.55,2681199,2709482013,89418,1495614,55.78
INFY,EQ,14-Dec-17,1003.75,1005.25,1015,999.3,1012.3,1013.1,1010.36,3011786,3042976537,97393,1876813,62.32
INFY,EQ,15-Dec-17,1013.1,1013,1026.4,1011.85,1019,1022.9,1019.21,5192067,5291809165,117970,3887254,74.87
INFY,EQ,18-Dec-17,1022.9,1011.9,1030.7,1005.8,1014,1016.6,1019.42,2017724,2056905715,67395,841209,41.69
INFY,EQ,19-Dec-17,1016.6,1017.45,1017.95,999.55,1006.65,1003.95,1007.23,3559449,3585173633,87491,2335815,65.62
INFY,EQ,20-Dec-17,1003.95,1005.1,1018.6,1001,1016.35,1015.85,1011.09,2093163,2116374407,68366,1233741,58.94
INFY,EQ,21-Dec-17,1015.85,1014.8,1028.95,998.4,1021.5,1022.05,1014.97,5529581,5612359298,132258,2881998,52.12
INFY,EQ,22-Dec-17,1022.05,1016,1044.8,1016,1037.85,1039.35,1035.23,6453470,6680838538,148038,4301144,66.65
INFY,EQ,26-Dec-17,1039.35,1030,1041.5,1023,1035,1035.6,1034.88,5404453,5592980614,137301,3845765,71.16
INFY,EQ,27-Dec-17,1035.6,1028,1039.1,1027.4,1034,1034.25,1034,3485086,3603591315,101607,2483152,71.25
INFY,EQ,28-Dec-17,1034.25,1030,1040,1023.8,1030,1033.25,1034.41,4216736,4361825789,107124,3236750,76.76
INFY,EQ,29-Dec-17,1033.25,1030.1,1048.8,1030,1041.25,1042.05,1041.38,3300884,3437461626,83693,2238793,67.82
INFY,EQ,01-Jan-18,1042.05,1037.7,1044.5,1030,1032.15,1033.55,1036.23,2715670,2814045584,65839,1776744,65.43
INFY,EQ,02-Jan-18,1033.55,1037.25,1042,1023,1028.3,1029.7,1031.43,3056124,3152175059,122157,2066488,67.62
INFY,EQ,03-Jan-18,1029.7,1028.5,1031.6,1018.6,1022,1021.3,1022.55,3423276,3500475319,132588,2428553,70.94
INFY,EQ,04-Jan-18,1021.3,1021,1021,1009.6,1015,1015.4,1014.48,4473807,4538566058,81236,3101206,69.32
INFY,EQ,05-Jan-18,1015.4,1015.3,1026.4,1006,1014.25,1012,1012.92,5512988,5584193774,134727,3907486,70.88
INFY,EQ,08-Jan-18,1012,1024.9,1039,1020.05,1035.2,1036.05,1029.31,2797345,2879337346,73704,1672022,59.77
INFY,EQ,09-Jan-18,1036.05,1040,1044.9,1028.9,1039,1041.35,1036.46,4974118,5155470379,119611,3285996,66.06
INFY,EQ,10-Jan-18,1041.35,1046.8,1056,1033.05,1053,1052.25,1043.96,4734317,4942421496,100562,2588309,54.67
INFY,EQ,11-Jan-18,1052.25,1055.25,1083.4,1055.25,1076.5,1075.8,1069.86,8387735,8973696876,134085,5432620,64.77
INFY,EQ,12-Jan-18,1075.8,1085.8,1085.9,1070.55,1078.65,1078.45,1077.02,9008264,9702068541,138377,6331013,70.28
INFY,EQ,15-Jan-18,1078.45,1080,1092.95,1065.1,1081,1081.15,1080.89,5324625,5755343849,132189,2580059,48.46
INFY,EQ,16-Jan-18,1081.15,1081.25,1134.8,1081.25,1125,1122.85,1116.71,11323483,12645064684,222629,5830742,51.49
INFY,EQ,17-Jan-18,1122.85,1124.85,1161.8,1123,1148,1152.1,1150.95,13077044,15051075123,331838,8123219,62.12
INFY,EQ,18-Jan-18,1152.1,1145,1164.9,1132.1,1152,1152.7,1148.19,6602485,7580886446,148758,4382098,66.37
INFY,EQ,19-Jan-18,1152.7,1145,1147.9,1136,1145.9,1143.45,1142.09,2994139,3419578450,104184,1946826,65.02
INFY,EQ,22-Jan-18,1143.45,1132.15,1156.95,1132,1148.1,1150,1144.31,4825107,5521427259,136884,3164249,65.58
INFY,EQ,23-Jan-18,1150,1155,1188,1155,1176,1177.1,1176.85,7701898,9063945901,178542,4413789,57.31
INFY,EQ,24-Jan-18,1177.1,1174.8,1221.05,1167.5,1182.85,1185.8,1195.52,10302359,12316700910,204464,5942177,57.68
INFY,EQ,25-Jan-18,1185.8,1182,1183.4,1162.25,1173.7,1175.4,1171.54,6774457,7936550004,137327,4319803,63.77
INFY,EQ,29-Jan-18,1175.4,1166.55,1196.25,1165.2,1180.55,1182.9,1185.12,5411501,6413293460,188700,3575679,66.08
INFY,EQ,30-Jan-18,1182.9,1178.9,1183.1,1162.7,1168,1170.65,1169.32,4314156,5044647007,139977,2953957,68.47
INFY,EQ,31-Jan-18,1170.65,1159.15,1166.6,1142.15,1149.1,1150.25,1153.93,4606849,5315999681,118772,3306082,71.76
INFY,EQ,01-Feb-18,1150.25,1142.2,1157.9,1118.55,1144,1144.6,1141.19,6502727,7420853135,147460,3808868,58.57
INFY,EQ,02-Feb-18,1144.6,1135.25,1162.9,1130.1,1145.3,1143.25,1144.88,5122243,5864360400,112441,3377137,65.93
INFY,EQ,05-Feb-18,1143.25,1140,1154.85,1135.85,1139.9,1138.2,1143.33,4930110,5636743205,146880,3737354,75.81
INFY,EQ,06-Feb-18,1138.2,1099.95,1128.35,1095.15,1111.4,1107.75,1113.87,5276039,5876800709,136315,3479245,65.94
INFY,EQ,07-Feb-18,1107.75,1116,1124.8,1103.55,1108,1109.05,1113.49,4171028,4644378627,147324,2763817,66.26
INFY,EQ,08-Feb-18,1109.05,1122.8,1146.4,1116.55,1133,1134.25,1138.52,4403622,5013613141,105295,2891380,65.66
INFY,EQ,09-Feb-18,1134.25,1118,1120.3,1106,1112,1109.15,1112.64,2191345,2438184786,88836,1186875,54.16
INFY,EQ,12-Feb-18,1109.15,1114.8,1120.6,1097.8,1101,1102.8,1106.85,3145986,3482147220,52343,1986846,63.15
INFY,EQ,14-Feb-18,1102.8,1106,1117.3,1090.2,1091,1097.75,1106.89,4172856,4618905280,113292,3010045,72.13
INFY,EQ,15-Feb-18,1097.75,1103,1129.7,1103,1113.5,1114.45,1118.96,3993368,4468413993,99941,2439471,61.09
INFY,EQ,16-Feb-18,1114.45,1125,1141.65,1118.1,1124.65,1128.05,1128.32,4944611,5579126434,108882,3112620,62.95
INFY,EQ,19-Feb-18,1128.05,1128.4,1136,1120.3,1134.2,1131.75,1129.16,3230920,3648227633,83364,1826082,56.52
INFY,EQ,20-Feb-18,1131.75,1103.75,1149.5,1103.75,1135,1136.95,1141.14,3594297,4101611225,97878,1847456,51.4
INFY,EQ,21-Feb-18,1136.95,1147.5,1151.9,1140,1145,1147.4,1146.98,6885679,7897738207,169230,5474712,79.51
INFY,EQ,22-Feb-18,1147.4,1145.55,1164,1140.45,1159,1160.75,1157.22,8929987,10333995037,151810,6801311,76.16
INFY,EQ,23-Feb-18,1160.75,1163.5,1166,1146.75,1154.4,1155.65,1158.08,4729914,5477635155,128746,3177897,67.19
INFY,EQ,26-Feb-18,1155.65,1151,1155.05,1134.35,1139.95,1138.6,1142.81,2541804,2904793410,76083,1626562,63.99
INFY,EQ,27-Feb-18,1138.6,1144.95,1153.65,1125.65,1147.7,1150.2,1139.08,3308013,3768101539,140175,2156356,65.19
INFY,EQ,28-Feb-18,1150.2,1147.6,1189.5,1142.55,1169.85,1172.6,1172.09,8634208,10120034870,229051,5049780,58.49
INFY,EQ,01-Mar-18,1172.6,1169.6,1169.6,1156.05,1160.25,1160.75,1161.83,3289926,3822336358,95568,2089661,63.52
INFY,EQ,05-Mar-18,1160.75,1160.75,1170.8,1143.25,1159.7,1155.9,1158.68,4050728,4693511961,150137,2407810,59.44
INFY,EQ,06-Mar-18,1155.9,1162.55,1165.4,1143.6,1146.25,1151.35,1157.61,3344867,3872054670,123734,2349339,70.24
INFY,EQ,07-Mar-18,1151.35,1155,1160,1138.05,1147.8,1144.1,1148.31,3185208,3657594848,91049,2099037,65.9
INFY,EQ,08-Mar-18,1144.1,1149,1165.8,1149,1158,1156.65,1158.61,3046507,3529721779,110975,1784229,58.57
INFY,EQ,09-Mar-18,1156.65,1162.35,1166,1155.55,1164,1163.4,1162.36,2110482,2453138902,83674,1167092,55.3
INFY,EQ,12-Mar-18,1163.4,1176,1191.85,1171.75,1184,1185.75,1186.26,3838485,4553456409,82530,2208283,57.53
INFY,EQ,13-Mar-18,1185.75,1180.2,1197,1175.15,1182,1183.8,1187.19,4290526,5093652781,101093,2931653,68.33
INFY,EQ,14-Mar-18,1183.8,1180,1190.6,1169.1,1181.1,1180.8,1180.26,2214855,2614111790,54069,1203746,54.35
INFY,EQ,15-Mar-18,1180.8,1180,1188.4,1172,1181.9,1182.5,1180.88,3050750,3602569982,49232,2081521,68.23
INFY,EQ,16-Mar-18,1182.5,1182,1182.4,1169.25,1170,1171.9,1172.96,8977413,10530177258,156251,7733842,86.15
INFY,EQ,19-Mar-18,1171.9,1164,1180.5,1142.65,1148,1146.75,1156.94,3763310,4353937862,114366,2314477,61.5
INFY,EQ,20-Mar-18,1146.75,1148.6,1170,1148.6,1164.55,1164.55,1159.74,4276883,4960076508,111232,3115015,72.83
INFY,EQ,21-Mar-18,1164.55,1170,1175.5,1162.2,1166.2,1167.5,1171.53,3846497,4506270593,121529,3113984,80.96
INFY,EQ,22-Mar-18,1167.5,1164.5,1177.45,1155.3,1156,1161.3,1167.57,3406584,3977430906,82774,2545448,74.72
INFY,EQ,23-Mar-18,1161.3,1147,1173.8,1142.35,1165,1167.6,1164.59,6004042,6992254285,117145,4213799,70.18
INFY,EQ,26-Mar-18,1167.6,1166.9,1166.9,1144,1155.6,1155.25,1153.17,4465361,5149317139,101964,3248748,72.75
INFY,EQ,27-Mar-18,1155.25,1160,1161.3,1150.1,1152.1,1154,1154.45,1901044,2194657346,67860,1174247,61.77
INFY,EQ,28-Mar-18,1154,1150.75,1150.75,1126.25,1140,1131.8,1136.18,6279161,7134252851,118878,4775433,76.05
INFY,EQ,02-Apr-18,1131.8,1141,1149.55,1121.3,1136.7,1137.15,1135.86,4036351,4584716920,142078,2960225,73.34
INFY,EQ,03-Apr-18,1137.15,1134.7,1143.55,1128.1,1139.4,1140.45,1135.21,2038584,2314226757,114034,1366638,67.04
INFY,EQ,04-Apr-18,1140.45,1144,1144.55,1120,1122.7,1124.2,1131.81,2406651,2723878713,137029,1472105,61.17
INFY,EQ,05-Apr-18,1124.2,1139.55,1151.3,1129.1,1146.05,1147.55,1140.71,3881772,4427993460,101745,2899162,74.69
INFY,EQ,06-Apr-18,1147.55,1143,1146,1122.1,1127.55,1127,1128.81,2968871,3351285043,137277,1891236,63.7
INFY,EQ,09-Apr-18,1127,1125,1125.8,1106.55,1111.45,1111.25,1113.12,3601441,4008832077,171118,2529586,70.24
INFY,EQ,10-Apr-18,1111.25,1112,1124.5,1105.4,1114.65,1113.4,1115.77,4463029,4979728695,144468,3520250,78.88
INFY,EQ,11-Apr-18,1113.4,1118,1131.5,1116.5,1124.5,1124.25,1124.78,4512787,5075891573,102586,3296304,73.04
INFY,EQ,12-Apr-18,1124.25,1129.45,1172.75,1125,1164.05,1162.6,1157.71,8522183,9866189147,216130,5624945,66
INFY,EQ,13-Apr-18,1162.6,1174,1185.9,1150.25,1168,1171.45,1172.37,10613519,12442924999,180965,5370870,50.6
INFY,EQ,16-Apr-18,1171.45,1102,1140,1102,1134.5,1133.2,1125.66,12372542,13927236193,201992,5012390,40.51
INFY,EQ,17-Apr-18,1133.2,1127,1127.4,1115,1124.65,1125.2,1121.63,5198970,5831317996,203792,3086531,59.37
INFY,EQ,18-Apr-18,1125.2,1122.85,1134.75,1113.85,1125.95,1125.95,1124.27,5215190,5863305787,121114,3220905,61.76
INFY,EQ,19-Apr-18,1125.95,1124,1139.8,1123.1,1133.4,1132.85,1132.61,4262771,4828035904,119470,3277709,76.89
INFY,EQ,20-Apr-18,1132.85,1139,1193.7,1136.95,1179.65,1178.45,1171.78,12136346,14221070742,213680,7374221,60.76
INFY,EQ,23-Apr-18,1178.45,1168,1214.4,1155.25,1185.95,1187.7,1186.79,10915319,12954180381,190031,5762099,52.79
INFY,EQ,24-Apr-18,1187.7,1185,1196.4,1150.1,1154.25,1154.5,1168.64,4263108,4982039811,87918,2175530,51.03
INFY,EQ,25-Apr-18,1154.5,1152,1171,1145.2,1155.95,1160.35,1160.85,5797089,6729546265,122892,3549969,61.24
INFY,EQ,26-Apr-18,1160.35,1174,1181.65,1160,1177.05,1176.45,1172.76,5651042,6627322945,120489,3710955,65.67
INFY,EQ,27-Apr-18,1176.45,1180,1191.6,1174.2,1184.65,1185.2,1183.9,3831685,4536321753,103259,2521063,65.8
INFY,EQ,30-Apr-18,1185.2,1181.7,1207.95,1180.65,1199.95,1199.5,1199.78,2755839,3306404000,80599,1748528,63.45
INFY,EQ,02-May-18,1199.5,1198.9,1201.6,1181,1192.1,1197.05,1192.72,5147521,6139572653,98610,3916029,76.08
INFY,EQ,03-May-18,1197.05,1197.25,1204.7,1176.1,1178,1182.55,1195.66,2666115,3187761546,114003,1634945,61.32
INFY,EQ,04-May-18,1182.55,1185,1186,1155,1169.6,1173.1,1165.5,3011684,3510129249,92619,1501133,49.84
INFY,EQ,07-May-18,1173.1,1181.25,1190,1175.5,1184,1183,1181.67,2319480,2740857605,66189,1381557,59.56
INFY,EQ,08-May-18,1183,1177.9,1177.9,1161.05,1167.5,1165.55,1167.51,2859278,3338246179,121067,1833756,64.13
INFY,EQ,09-May-18,1165.55,1167.5,1176.9,1163,1172,1170.7,1169.95,1891752,2213260047,50914,1226653,64.84
INFY,EQ,10-May-18,1170.7,1176,1183,1162.85,1170,1168,1173.06,1591431,1866843840,55801,925580,58.16
INFY,EQ,11-May-18,1168,1172.3,1183.2,1166.05,1180.6,1180.75,1174.3,1655853,1944465077,51911,1040917,62.86
INFY,EQ,14-May-18,1180.75,1184.35,1191.5,1170,1190.5,1189.3,1184.18,2216047,2624191631,118716,1385502,62.52
INFY,EQ,15-May-18,1189.3,1188.1,1208,1188.1,1195.2,1194.55,1196.6,2805987,3357654925,169798,1400617,49.92
INFY,EQ,16-May-18,1194.55,1187.25,1198,1184.5,1190.7,1189.95,1191.85,3102502,3697718120,80951,2232738,71.97
INFY,EQ,17-May-18,1189.95,1196,1197.45,1173.55,1180,1182.9,1186.19,4759799,5646033906,108694,3495536,73.44
INFY,EQ,18-May-18,1182.9,1183,1186.55,1173,1180,1183.2,1181.08,3569830,4216242217,118691,2739080,76.73
INFY,EQ,21-May-18,1183.2,1179.55,1188.4,1170,1183.2,1179.5,1182.21,4237660,5009804970,94593,3233546,76.3
INFY,EQ,22-May-18,1179.5,1175,1198,1173.9,1195,1193.85,1189.56,2818402,3352664150,92075,1959648,69.53
INFY,EQ,23-May-18,1193.85,1195,1207.65,1181.5,1182.95,1184.9,1198.4,4769221,5715433184,155510,3565469,74.76
INFY,EQ,24-May-18,1184.9,1198,1227.55,1198,1220,1221,1217.23,4870285,5928236190,115622,2635888,54.12
INFY,EQ,25-May-18,1221,1230.1,1248.65,1220.8,1229.55,1228.3,1239.09,4450719,5514861308,165203,2833196,63.66
INFY,EQ,28-May-18,1228.3,1231,1232.6,1206,1212.1,1214.4,1218.07,2869897,3495734649,114363,1860121,64.81
INFY,EQ,29-May-18,1214.4,1214.05,1226.55,1206.2,1219.9,1216.7,1214.01,1694467,2057107218,97963,1020909,60.25
INFY,EQ,30-May-18,1216.7,1217,1228.75,1205.6,1210.4,1211.7,1214.64,3161533,3840109182,113600,1820341,57.58
INFY,EQ,31-May-18,1211.7,1211.7,1242,1210.25,1238,1231.8,1230.2,9860170,12129968289,163732,6917924,70.16
INFY,EQ,01-Jun-18,1231.8,1230.4,1246.25,1217.2,1222.2,1220.8,1229.79,2499178,3073466731,81969,1396541,55.88
INFY,EQ,04-Jun-18,1220.8,1221.1,1243,1212,1241,1239.4,1233.14,2135078,2632848474,69180,1356014,63.51
INFY,EQ,05-Jun-18,1239.4,1242,1242,1217,1218.85,1220.85,1226.49,2355431,2888924172,85171,1469405,62.38
INFY,EQ,06-Jun-18,1220.85,1225.2,1241.55,1220.05,1238.1,1237.45,1234.18,2019092,2491929870,98002,1157667,57.34
INFY,EQ,07-Jun-18,1237.45,1238,1258,1238,1249.3,1252.45,1252.57,3338113,4181210252,106204,1876344,56.21
INFY,EQ,08-Jun-18,1252.45,1248,1262,1246.05,1258.8,1260.05,1257.48,3229939,4061574692,146437,2152796,66.65
INFY,EQ,11-Jun-18,1260.05,1265.55,1270,1255.05,1261,1262.4,1262.71,2585645,3264923421,94087,1883057,72.83
INFY,EQ,12-Jun-18,1262.4,1265.75,1271.25,1250.45,1259,1258.5,1258.01,3919910,4931300156,90357,2684852,68.49
INFY,EQ,13-Jun-18,1258.5,1266.8,1284,1266.8,1275,1274.8,1275.2,2883464,3676982074,110178,1736971,60.24
INFY,EQ,14-Jun-18,1274.8,1253,1253,1234.1,1240,1239.7,1242.78,3799424,4721843711,142371,2234217,58.8
INFY,EQ,15-Jun-18,1239.7,1237,1291.5,1235,1288.8,1281.25,1267.1,9978880,12644285284,156513,7198132,72.13
INFY,EQ,18-Jun-18,1281.25,1284,1291.25,1262.35,1264.5,1267.4,1273.18,4107423,5229499471,127326,2705510,65.87
INFY,EQ,19-Jun-18,1267.4,1263,1263.4,1238.05,1242,1241.6,1244.36,3772850,4694786854,148052,2625680,69.59
INFY,EQ,20-Jun-18,1241.6,1248.5,1252.35,1238,1241.45,1243.15,1245.07,2685901,3344140004,92693,1763850,65.67
INFY,EQ,21-Jun-18,1243.15,1245.95,1256.5,1236,1246.55,1246.55,1247.63,2899395,3617383651,138481,1939037,66.88
INFY,EQ,22-Jun-18,1246.55,1243,1255.5,1241.2,1246.4,1247.85,1249.94,2171559,2714312670,91644,1545127,71.15
INFY,EQ,25-Jun-18,1247.85,1257.15,1278.8,1254,1269.7,1272.45,1271.05,3865589,4913363830,137153,2105988,54.48
INFY,EQ,26-Jun-18,1272.45,1269,1283.9,1266.25,1280.05,1277.85,1277.24,2241752,2863258907,102746,1303651,58.15
INFY,EQ,27-Jun-18,1277.85,1283.95,1293.45,1265.6,1271.5,1270,1281.92,3476071,4456049393,107138,2254625,64.86
INFY,EQ,28-Jun-18,1270,1276.3,1298,1276.25,1284.3,1289.6,1290.08,5498409,7093380059,159341,2847254,51.78
INFY,EQ,29-Jun-18,1289.6,1298.05,1315,1283.25,1310.65,1307.2,1298.31,4983300,6469891050,164216,3050563,61.22
INFY,EQ,02-Jul-18,1307.2,1314,1340,1314,1337.8,1334.7,1325.09,2415072,3200195814,80512,1157363,47.92
INFY,EQ,03-Jul-18,1334.7,1331.9,1357.9,1331.75,1355.5,1353.75,1347.06,4063726,5474101849,140810,2374717,58.44
INFY,EQ,04-Jul-18,1353.75,1352.05,1352.65,1338.85,1348.4,1345.2,1345.49,2512861,3381023805,156409,1610582,64.09
INFY,EQ,05-Jul-18,1345.2,1347.1,1347.25,1268.1,1286.5,1284,1290.51,8509951,10982144289,274864,4498851,52.87
INFY,EQ,06-Jul-18,1284,1290.25,1301.85,1269,1285.15,1284.25,1281.04,5607678,7183683022,181138,3185846,56.81
INFY,EQ,09-Jul-18,1284.25,1297,1303,1279.05,1301.2,1298.85,1294.01,3322499,4299340435,95341,1941581,58.44
INFY,EQ,10-Jul-18,1298.85,1308.5,1315.45,1294.3,1299.1,1301.4,1305.09,2987244,3898613178,109336,1551472,51.94
INFY,EQ,11-Jul-18,1301.4,1317.55,1342.1,1291.35,1319,1320.45,1317.22,5949916,7837362262,131426,2520702,42.37
INFY,EQ,12-Jul-18,1320.45,1326.1,1327.1,1284.45,1295,1294.35,1299.24,6636120,8621906526,189258,3884375,58.53
INFY,EQ,13-Jul-18,1294.35,1315,1331.6,1298.35,1323,1317.4,1315.39,9748079,12822503746,205562,4621538,47.41
INFY,EQ,16-Jul-18,1317.4,1317.4,1384.4,1287.7,1336,1332.85,1345.93,17672340,23785647476,357607,5265555,29.8
INFY,EQ,17-Jul-18,1332.85,1329.7,1349.5,1312.7,1327.3,1327.9,1333.08,5580845,7439721782,114793,2701704,48.41
INFY,EQ,18-Jul-18,1327.9,1339.8,1343.4,1314,1323,1322.55,1325.16,3459508,4584405277,134074,1682833,48.64
INFY,EQ,19-Jul-18,1322.55,1323,1331.9,1309.1,1315.95,1316.7,1318.01,2559432,3373347801,133339,1483151,57.95
INFY,EQ,20-Jul-18,1316.7,1326,1367.15,1321.3,1352,1348.1,1352.12,5852869,7913782037,149871,2819424,48.17
INFY,EQ,23-Jul-18,1348.1,1352.15,1368,1336.25,1351.9,1355.95,1350.21,3837851,5181886478,104002,2443216,63.66
INFY,EQ,24-Jul-18,1355.95,1374.4,1382.4,1356,1375.35,1377.15,1368.92,3086123,4224648379,104916,1877815,60.85
INFY,EQ,25-Jul-18,1377.15,1379,1393.8,1365.45,1381.15,1383.75,1383.06,3468461,4797085714,110230,1922712,55.43
INFY,EQ,26-Jul-18,1383.75,1378.55,1390.4,1369.2,1373.7,1373.25,1377.36,3681109,5070228477,139712,2424410,65.86
INFY,EQ,27-Jul-18,1373.25,1373.2,1389,1368.3,1371.2,1373.45,1377.08,3246616,4470848815,101649,2173390,66.94
INFY,EQ,30-Jul-18,1373.45,1370,1373,1348,1351,1351,1356.75,3204985,4348358645,193055,2451679,76.5
INFY,EQ,31-Jul-18,1351,1348.55,1370,1335.55,1368,1365.1,1351.3,3971998,5367357705,122270,2765105,69.61
INFY,EQ,01-Aug-18,1365.1,1363.8,1368.45,1351,1352,1354.05,1355.85,2337853,3169781273,106719,1654129,70.75
INFY,EQ,02-Aug-18,1354.05,1359.6,1366.75,1350.15,1353.4,1353.65,1357.31,2970371,4031719297,87744,2138372,71.99
INFY,EQ,03-Aug-18,1353.65,1366.2,1366.2,1356,1365.75,1364.1,1361.34,1985195,2702515816,70696,1384580,69.75
INFY,EQ,06-Aug-18,1364.1,1366.05,1375,1347.5,1364,1360.65,1358.6,3089465,4197345187,68270,2128983,68.91
INFY,EQ,07-Aug-18,1360.65,1374,1379.95,1360.65,1367,1367.95,1366.36,3675764,5022426261,100730,1600841,43.55
INFY,EQ,08-Aug-18,1367.95,1371.8,1372.5,1353.3,1362,1362.75,1362.16,1996179,2719109393,80731,1405581,70.41
INFY,EQ,09-Aug-18,1362.75,1373.65,1389.45,1373.65,1379.2,1379.95,1381.59,3204762,4427681633,134300,2092586,65.3
INFY,EQ,10-Aug-18,1379.95,1385.8,1389,1373.05,1382.25,1385.45,1380.64,2389760,3299401064,82581,1661604,69.53
INFY,EQ,13-Aug-18,1385.45,1390,1409.85,1378.7,1408,1408.75,1401.07,4989873,6991140982,138356,2323354,46.56
INFY,EQ,14-Aug-18,1408.75,1413.95,1424.55,1404,1407.45,1408.3,1414.34,3075660,4350014453,102688,1670272,54.31
INFY,EQ,16-Aug-18,1408.3,1414.95,1434.9,1411.25,1429,1429.55,1426.82,3313387,4727597210,115380,2278814,68.78
INFY,EQ,17-Aug-18,1429.55,1430.9,1437.65,1423,1426.55,1430.35,1430.85,3195204,4571856691,122779,2222525,69.56
INFY,EQ,20-Aug-18,1430.35,1388,1407.95,1373.5,1388.2,1384.25,1389.04,8050938,11183093868,249766,3747784,46.55
INFY,EQ,21-Aug-18,1384.25,1390,1396,1373.75,1386,1383.95,1381.18,4180741,5774338650,126003,2280633,54.55
INFY,EQ,23-Aug-18,1383.95,1393,1401.5,1385.35,1400,1397.4,1392.99,3858591,5374993201,180710,2737234,70.94
INFY,EQ,24-Aug-18,1397.4,1396.5,1401.9,1376.1,1379.35,1378.3,1386.47,3526500,4889394601,109805,2049349,58.11
INFY,EQ,27-Aug-18,1378.3,1383,1419.95,1381.4,1416,1415.4,1406,3506475,4930091751,132478,2245599,64.04
INFY,EQ,28-Aug-18,1415.4,1417.2,1438.4,1411.5,1425,1424.7,1427.92,3248445,4638524929,100357,1773021,54.58
INFY,EQ,29-Aug-18,1424.7,1433.6,1433.6,1405.15,1411,1410.1,1412.92,2823248,3989010655,89895,1719084,60.89
INFY,EQ,30-Aug-18,1410.1,1412.8,1421.55,1396.15,1418.1,1416.2,1411.92,5753981,8124160894,96074,4034348,70.11
INFY,EQ,31-Aug-18,1416.2,1425.1,1454.3,1421.1,1440,1441.1,1439.05,5437932,7825437138,124025,3589092,66
INFY,EQ,03-Sep-18,1441.1,1449,1467.9,1430,1436.2,1434.25,1451.3,5488164,7964966273,134643,3571594,65.08
INFY,EQ,04-Sep-18,1434.25,722,748.5,716,733,737.15,739.04,15370124,11359156599,258728,6954062,45.24
INFY,EQ,05-Sep-18,737.15,741.95,744.05,725.4,729,729.9,734.79,8658978,6362539535,202826,3839883,44.35
INFY,EQ,06-Sep-18,729.9,732.55,735.5,724.1,726,727.15,730.17,5598659,4087988682,134849,3493840,62.4
INFY,EQ,07-Sep-18,727.15,734.35,735.15,723.8,734,732.8,730.95,6510605,4758936855,190264,3810992,58.54
INFY,EQ,10-Sep-18,732.8,737.75,747,729.4,733.4,730.85,736.29,5629871,4145245236,112735,3209244,57
INFY,EQ,11-Sep-18,730.85,735.9,744.75,732,733.7,734.3,738.58,6963561,5143145756,137146,3665363,52.64
INFY,EQ,12-Sep-18,734.3,744.4,746.5,736.25,740.9,742.9,741.14,4636617,3436370099,144311,2545066,54.89
INFY,EQ,14-Sep-18,742.9,741.9,745,729.05,735,733.7,735.78,7896514,5810118483,191430,4669337,59.13
INFY,EQ,17-Sep-18,733.7,735,740,724.6,726.9,725.95,730.79,5427054,3966013456,124216,2572371,47.4
INFY,EQ,18-Sep-18,725.95,730,730,717,720,719.1,720.33,7729732,5567951789,116715,2039349,26.38
INFY,EQ,19-Sep-18,719.1,727,727,713.2,719.6,719.75,719.4,4849498,3488751299,142071,2917751,60.17
INFY,EQ,21-Sep-18,719.75,713.85,717.4,692,710,705.3,706.4,14350769,10137378694,238115,9880217,68.85
INFY,EQ,24-Sep-18,705.3,706.5,729.95,706.5,719.95,718.25,721.56,8637881,6232738763,183918,5604772,64.89
INFY,EQ,25-Sep-18,718.25,718.25,736,717,726,726.2,727.76,9602273,6988194861,223780,5283327,55.02
INFY,EQ,26-Sep-18,726.2,731.2,731.85,712,719.9,717.85,720.78,6599606,4756877824,110456,4301995,65.19
INFY,EQ,27-Sep-18,717.85,722,730.8,717.45,724.3,724.8,724.8,14592616,10576733252,147797,10485355,71.85
INFY,EQ,28-Sep-18,724.8,721,734.55,715.2,731.7,730.05,727.98,7490031,5452629800,166682,4590662,61.29
INFY,EQ,01-Oct-18,730.05,737.5,754.9,733,742.95,746.65,745.05,8252398,6148484239,160489,4483016,54.32
INFY,EQ,03-Oct-18,746.65,743.8,751.95,726.3,728.55,728.5,738.21,7792464,5752480100,184479,4931984,63.29
INFY,EQ,04-Oct-18,728.5,728.5,729.75,702.5,711,707.2,711.02,6173037,4389159561,150299,3617395,58.6
INFY,EQ,05-Oct-18,707.2,713,731.5,709.3,722.5,724.6,717.57,8543578,6130589981,141622,4727502,55.33
INFY,EQ,08-Oct-18,724.6,725.05,728.7,709.25,714.65,714.45,717.09,7259306,5205581862,244347,4344672,59.85
INFY,EQ,09-Oct-18,714.45,717.1,722.4,702.65,721,717.75,711.05,6777212,4818903577,116349,3665401,54.08
INFY,EQ,10-Oct-18,717.75,719.9,719.9,695.4,700.35,700.45,703.19,8866251,6234700033,219744,4098711,46.23
INFY,EQ,11-Oct-18,700.45,685,692.9,663.3,675.4,673.35,676.06,10985897,7427150380,285534,5910635,53.8
INFY,EQ,12-Oct-18,673.35,676.4,684.05,661.5,678.15,678.8,673.71,8909221,6002268067,214848,4229073,47.47
INFY,EQ,15-Oct-18,678.8,688.6,705,681.5,703.5,698.8,691.39,6222176,4301952211,121763,3187712,51.23
INFY,EQ,16-Oct-18,698.8,710,713.9,689.4,692,695.25,702.32,11588963,8139197321,266266,4829861,41.68
INFY,EQ,17-Oct-18,695.25,710,721.8,701.35,705.5,705.35,711.55,20360697,14487628785,280701,8842531,43.43
INFY,EQ,19-Oct-18,705.35,687,687.7,678,683.5,683.55,682.35,10421001,7110757251,245258,6658247,63.89
INFY,EQ,22-Oct-18,683.55,688.7,695.05,673.8,680.5,679.95,679.08,6672840,4531381462,118989,4592757,68.83
INFY,EQ,23-Oct-18,679.95,675.95,682,653.3,663.05,657.6,663.77,9041701,6001591448,206699,6249984,69.12
INFY,EQ,24-Oct-18,657.6,663,666.5,647.15,650,649.8,653.45,7058164,4612127164,151398,4319821,61.2
INFY,EQ,25-Oct-18,649.8,643,656.35,636.25,647.3,648.75,647.53,8270469,5355339309,196622,5315499,64.27
INFY,EQ,26-Oct-18,648.75,645.3,648.7,629.9,634.05,633.6,636.49,5464141,3477864472,111447,3187130,58.33
INFY,EQ,29-Oct-18,633.6,633.7,650.55,631.5,646.1,644.75,637.82,7137446,4552389118,123494,5228816,73.26
INFY,EQ,30-Oct-18,644.75,641.1,663.8,637.45,658.9,659.6,657.39,8793411,5780678040,148842,5764870,65.56
INFY,EQ,31-Oct-18,659.6,663.9,692.95,663.05,685.95,686.4,681.52,11947995,8142844240,223319,7659197,64.1
INFY,EQ,01-Nov-18,686.4,689.7,689.7,659.6,667,666.7,671.01,5860244,3932276784,125725,3282959,56.02
INFY,EQ,02-Nov-18,666.7,665.95,675.8,660.1,663.2,662.25,665.4,6654067,4427642405,148487,3761960,56.54
INFY,EQ,05-Nov-18,662.25,663.5,668.6,657,663.7,666,662.36,5799426,3841307501,140183,3670964,63.3
INFY,EQ,06-Nov-18,666,667.9,675,660.65,667.1,666.45,668.4,6975525,4662445094,240509,4371014,62.66
INFY,EQ,07-Nov-18,666.45,673,677.5,672,677.45,675.5,674.86,758956,512188500.7,31522,307741,40.55
INFY,EQ,09-Nov-18,675.5,679,679,655.5,658.7,659.5,661.4,9694143,6411724146,244092,7091290,73.15
INFY,EQ,12-Nov-18,659.5,666,676.4,662.3,665.05,664.2,669.82,7118080,4767832302,120785,3845132,54.02
INFY,EQ,13-Nov-18,664.2,663.5,667.75,656.3,664.45,665.7,663.83,4137808,2746782461,129103,2641999,63.85
INFY,EQ,14-Nov-18,665.7,665.7,665.7,640.5,652.4,653.2,648.72,7323026,4750599516,174358,4361316,59.56
INFY,EQ,15-Nov-18,653.2,654,666,646.7,655.65,656.4,660.71,5513390,3642738196,130605,3270275,59.32
INFY,EQ,16-Nov-18,656.4,659.9,662.5,644.2,652,650.85,649.95,8583785,5579053175,153414,5561153,64.79
INFY,EQ,19-Nov-18,650.85,659,662,649.25,651.95,651.7,652.75,6018930,3928880482,96075,4076816,67.73
INFY,EQ,20-Nov-18,651.7,651.7,656,640.1,640.6,641.4,645.31,5384830,3474899740,105300,3188270,59.21
INFY,EQ,21-Nov-18,641.4,640,640.05,612.1,619.5,619.1,618.73,14359086,8884401044,306110,7301207,50.85
INFY,EQ,22-Nov-18,619.1,622.25,628.15,616.75,620.85,620.75,623.11,6632975,4133099492,120189,3211872,48.42
INFY,EQ,26-Nov-18,620.75,621,628,599.85,621.2,621.45,613.78,15075209,9252894701,263089,8758922,58.1
INFY,EQ,27-Nov-18,621.45,625.5,641,625.3,641,638.9,634.88,12285851,7800040731,200385,7331501,59.67
INFY,EQ,28-Nov-18,638.9,640.95,668.7,640,664.5,666.4,659.36,17719890,11683706177,310146,10672554,60.23
INFY,EQ,29-Nov-18,666.4,671,674.9,658.8,665,661.05,667.03,13399070,8937609219,170549,7390099,55.15
INFY,EQ,30-Nov-18,661.05,661,672,660.95,670,667.45,667.52,10445773,6972740710,118396,6667707,63.83
INFY,EQ,03-Dec-18,667.45,673.15,679,665.95,672.45,670.35,670.58,8260890,5539597359,103845,6137214,74.29
INFY,EQ,04-Dec-18,670.35,672.55,688.25,671.3,683,685.25,682.83,7827923,5345133354,129170,4357939,55.67
INFY,EQ,05-Dec-18,685.25,683,683.65,672.5,682.05,681.4,678.97,5177288,3515206694,96257,3101033,59.9
INFY,EQ,06-Dec-18,681.4,676.1,685.45,664.55,669.7,668.5,672.12,8039771,5403659738,229269,3922722,48.79
INFY,EQ,07-Dec-18,668.5,672,685.75,665.6,681,682.8,679.07,5553948,3771508979,125999,3024829,54.46
INFY,EQ,10-Dec-18,682.8,669.9,683.8,665.2,670.3,669.2,671.47,5121196,3438717513,119910,3114377,60.81
INFY,EQ,11-Dec-18,669.2,669.2,681.9,660.6,673.25,674.5,672.27,7120933,4787161579,204697,3767399,52.91
INFY,EQ,12-Dec-18,674.5,677.1,680.65,670.6,678.1,678.5,675.12,6926183,4675985776,92411,3725735,53.79
INFY,EQ,13-Dec-18,678.5,682,700,680,695.35,697.75,690.27,7521474,5191853566,187302,4679887,62.22
INFY,EQ,14-Dec-18,697.75,697.45,713.7,694.4,706.15,706.05,705.93,9560576,6749101215,158039,4777005,49.97
INFY,EQ,17-Dec-18,706.05,711.85,711.85,692.75,692.75,694.4,697.79,4778465,3334376899,95026,2319758,48.55
INFY,EQ,18-Dec-18,694.4,686.5,686.5,674.55,677,676.6,679.65,8021298,5451686819,191277,4277069,53.32
INFY,EQ,19-Dec-18,676.6,671.55,671.55,661.1,664.6,664.85,665.07,8295459,5517046525,263253,4781304,57.64
INFY,EQ,20-Dec-18,664.85,660,671.55,656.4,666.9,667.05,664.34,11705260,7776239037,237519,6351199,54.26
INFY,EQ,21-Dec-18,667.05,659.5,659.5,643.45,646.55,646.2,651.1,12802132,8335493758,228130,6537301,51.06
INFY,EQ,24-Dec-18,646.2,657,658.8,647.6,648.5,649,652.59,8379825,5468562526,140084,3230709,38.55
INFY,EQ,26-Dec-18,649,647,647,637.35,643.9,644.05,641.76,6178552,3965160752,129003,3192480,51.67
INFY,EQ,27-Dec-18,644.05,652.75,663.25,649,656.35,656.8,658.16,15333902,10092126951,182988,7084546,46.2
INFY,EQ,28-Dec-18,656.8,663.35,663.5,653.3,656.1,656.95,658.29,4736598,3118076702,105527,2225579,46.99
INFY,EQ,31-Dec-18,656.95,660,662,655.8,659.6,658.95,659.27,3373319,2223919550,65442,1517551,44.99
INFY,EQ,01-Jan-19,658.95,660.95,666.3,654.15,665.95,665.05,660.66,2943390,1944579423,45422,1282161,43.56
INFY,EQ,02-Jan-19,665.05,666,674,662.05,668,669.05,669.97,7416655,4968962633,108094,3880800,52.33
INFY,EQ,03-Jan-19,669.05,672,677,663.1,668,669.15,669.66,6827249,4571929258,125781,3676359,53.85
INFY,EQ,04-Jan-19,669.15,671.75,673.9,651,660.25,661.05,660.17,7889310,5208304589,187590,3747741,47.5
INFY,EQ,07-Jan-19,661.05,665,673.6,661.5,671.7,671.7,667.51,8046340,5370973787,132736,4711672,58.56
INFY,EQ,08-Jan-19,671.7,674.95,677.45,668.55,670,670.05,672.86,8621545,5801122720,134369,5652959,65.57
INFY,EQ,09-Jan-19,670.05,686.2,689.8,664,675.6,676.1,678.41,18130292,12299738075,314702,8029281,44.29
INFY,EQ,10-Jan-19,676.1,681.6,682,672.55,680.8,679.7,677.63,9572493,6486610276,141449,6064060,63.35
INFY,EQ,11-Jan-19,679.7,680.2,685.5,672.5,684.35,683.5,679.18,12281903,8341603861,159694,6409592,52.19
INFY,EQ,14-Jan-19,683.5,707,710.2,695.95,701.3,701.9,701.27,19312937,13543620376,289248,7316609,37.88
INFY,EQ,15-Jan-19,701.9,707.2,730,707.2,728.3,726.6,721.52,19671304,14193222353,285205,8770235,44.58
INFY,EQ,16-Jan-19,726.6,729.9,737.8,728.5,735.95,736.8,734.12,9658944,7090838080,175301,3769918,39.03
INFY,EQ,17-Jan-19,736.8,735.8,739,729.1,733.2,733.35,733.06,6903771,5060865130,155361,3662842,53.06
INFY,EQ,18-Jan-19,733.35,730,736.2,726.3,734,730.95,730.43,5902151,4311101798,117506,3555997,60.25
INFY,EQ,21-Jan-19,730.95,738.2,751,734,743.25,745,744.87,8129422,6055327086,207759,4205100,51.73
INFY,EQ,22-Jan-19,745,741.25,749,734,747,745.35,739.94,6723375,4974904339,184880,4348471,64.68
INFY,EQ,23-Jan-19,745.35,742.35,742.6,729.2,731.65,731.65,735.7,7212099,5305910422,114457,4265475,59.14
INFY,EQ,24-Jan-19,731.65,728.1,736.1,721,734,732,727.66,7429783,5406365018,138534,3721327,50.09
INFY,EQ,25-Jan-19,732,728,737.9,724.25,730.3,730.35,731.7,5543112,4055912046,86157,3056302,55.14
INFY,EQ,28-Jan-19,730.35,731,732.6,719,731,727.95,725.12,7944693,5760882919,128705,5442114,68.5
INFY,EQ,29-Jan-19,727.95,725.5,732.85,716.5,730.05,727.9,721.76,6760819,4879714903,137242,4100300,60.65
INFY,EQ,30-Jan-19,727.9,727.9,734.8,721.1,724.3,725.9,726.45,5763026,4186556192,125751,3267862,56.7
INFY,EQ,31-Jan-19,725.9,726,751.3,726,750,749.55,744.47,13825233,10292423935,265809,8145259,58.92
INFY,EQ,01-Feb-19,749.55,751.35,762.5,744.5,756.7,757.05,753.37,6276585,4728608322,119145,2274954,36.25
INFY,EQ,04-Feb-19,757.05,757,762.5,749.2,755.9,755.9,754.39,3945391,2976361897,110537,1894178,48.01
INFY,EQ,05-Feb-19,755.9,747,759.95,747,755,754.85,753.48,4694366,3537094843,98651,2610466,55.61
INFY,EQ,06-Feb-19,754.85,755.55,766.95,754.35,763.75,763.3,762.75,5880482,4485360735,150791,3188901,54.23
INFY,EQ,07-Feb-19,763.3,763.05,769.45,761,763,764,766.2,3961797,3035522378,102039,2154773,54.39
INFY,EQ,08-Feb-19,764,760,772.25,754.9,760.9,760.9,763.4,5915169,4515625944,92824,2722938,46.03
INFY,EQ,11-Feb-19,760.9,766.9,768.75,759,760.45,762.8,764.82,5500216,4206653296,101154,3149841,57.27
INFY,EQ,12-Feb-19,762.8,760.35,760.35,741,750.4,750.45,748.38,7310690,5471189241,148513,3259568,44.59
INFY,EQ,13-Feb-19,750.45,750.1,759.7,743.65,754,754.9,753.01,5050182,3802821368,133702,2418277,47.88
INFY,EQ,14-Feb-19,754.9,751,753,737.25,740.35,740.05,745.6,4610535,3437611370,113149,2466085,53.49
INFY,EQ,15-Feb-19,740.05,742.3,746.5,732.6,742.05,741.95,739.44,5586389,4130795666,93850,2900003,51.91
INFY,EQ,18-Feb-19,741.95,742.35,747.65,736,741,741.05,739.9,5346825,3956112148,105532,3060004,57.23
INFY,EQ,19-Feb-19,741.05,739.1,740.55,721.3,724,724.3,726.7,9401334,6831940831,124664,4041288,42.99
INFY,EQ,20-Feb-19,724.3,727,743,726.05,740.55,740.7,734.78,5210675,3828686486,130965,2558375,49.1
INFY,EQ,21-Feb-19,740.7,738,738,727.1,734,733.45,732.23,7202786,5274097399,151794,4504900,62.54
INFY,EQ,22-Feb-19,733.45,732.5,738.2,728,734.9,734.95,733.71,3750833,2752041713,99246,1775166,47.33
INFY,BL,25-Feb-19,1220.15,734.95,734.95,734.95,734.95,734.95,734.95,1263230,928410888.5,1,0,0
INFY,EQ,25-Feb-19,734.95,735.55,758,735.55,755,754.9,749.2,6547552,4905413918,155205,3296211,50.34
INFY,EQ,26-Feb-19,754.9,748.6,752.6,740.15,741.55,742.5,745.77,8319610,6204521714,188778,5101741,61.32
INFY,EQ,27-Feb-19,742.5,745,746.4,732.75,734.5,735.25,738.56,5936354,4384324580,181469,3554571,59.88
INFY,EQ,28-Feb-19,735.25,738.7,742.4,732.3,734.7,734.3,735.59,8559921,6296619714,142436,4612032,53.88
INFY,EQ,01-Mar-19,734.3,735.5,743.4,735.5,741.8,741.9,740,3998826,2959115940,86883,2141670,53.56
INFY,EQ,05-Mar-19,741.9,740.5,742.5,730.25,732.75,732.5,734.79,4826505,3546464354,187167,2953053,61.18
INFY,EQ,06-Mar-19,732.5,736.1,736.1,727,732.25,732.5,732.02,6076668,4448254459,201307,3216638,52.93
INFY,EQ,07-Mar-19,732.5,734,734.5,720.55,723.3,722.95,724.84,5951551,4313906550,132988,3097595,52.05
INFY,EQ,08-Mar-19,722.95,722.95,722.95,710.65,713.2,712.35,714.77,7193994,5142023172,154378,3414734,47.47
INFY,EQ,11-Mar-19,712.35,713.3,718.5,709.4,711.05,711.25,712.07,9932198,7072398151,173911,6593102,66.38
INFY,EQ,12-Mar-19,711.25,709,714.95,705.6,706.75,706.95,708.99,11997387,8505977967,224748,8806754,73.41
INFY,EQ,13-Mar-19,706.95,710,718.6,706.3,709,708.45,710.81,11348867,8066893617,183506,5754904,50.71
INFY,EQ,14-Mar-19,708.45,714,714.9,706.2,708.45,708.35,710.02,6415187,4554911141,158840,3794127,59.14
INFY,EQ,15-Mar-19,708.35,712,723.75,709.6,720,718.55,717.57,14638664,10504207795,174230,9286884,63.44
INFY,EQ,18-Mar-19,718.55,721.55,723.7,705.35,709.5,710.2,715,8065544,5766884632,169894,4656010,57.73
INFY,EQ,19-Mar-19,710.2,712.8,726.5,707.4,725.9,722.25,715.22,8917337,6377897941,165399,5704607,63.97
INFY,EQ,20-Mar-19,722.25,727.25,742.3,727.15,737.8,738.95,737.53,13471173,9935368276,368666,6929551,51.44
INFY,BL,22-Mar-19,734.95,738.95,738.95,738.95,738.95,738.95,738.95,1727935,1276857568,1,1727935,100
INFY,EQ,22-Mar-19,738.95,745,746.35,732.3,745,743.1,741.4,8883260,6586009783,186950,5182729,58.34
INFY,EQ,25-Mar-19,743.1,742.4,742.4,730.55,733.95,735.25,735.24,7644966,5620907955,150353,4078146,53.34
INFY,EQ,26-Mar-19,735.25,735.25,735.25,719.1,727.8,727.75,724.65,9406261,6816221095,220918,5868934,62.39
INFY,EQ,27-Mar-19,727.75,730,732.3,727.15,728.9,729.7,730.32,7387487,5395199921,122789,5505910,74.53
INFY,EQ,28-Mar-19,729.7,730,745,730,739.1,737.8,739.73,9277241,6862616741,187881,5521081,59.51
INFY,EQ,29-Mar-19,737.8,743.9,747.95,740,742.15,743.85,743.49,6924061,5147991154,155083,4592403,66.33
INFY,EQ,01-Apr-19,743.85,742,760,742,753.75,755.1,754.32,6584982,4967199560,149150,3788889,57.54
INFY,EQ,02-Apr-19,755.1,759,765.8,754.6,755,759.4,760.56,7283600,5539625143,169885,4249666,58.35
INFY,EQ,03-Apr-19,759.4,756,758.5,746.8,751.65,753.3,752.48,6897127,5189955761,200625,4213270,61.09
INFY,EQ,04-Apr-19,753.3,751.4,753.8,745.1,748.95,747.9,748.43,7688525,5754345633,178872,5138276,66.83
INFY,EQ,05-Apr-19,747.9,750.9,760.95,748,759.55,759.3,758.69,6276040,4761576373,148065,3851738,61.37
INFY,EQ,08-Apr-19,759.3,763.05,770,755.4,769.15,767.25,762.8,4919911,3752910224,143815,2380635,48.39
INFY,EQ,09-Apr-19,767.25,770,773,758.2,760.8,760.6,765.16,6730692,5150087735,146107,3353329,49.82
INFY,EQ,10-Apr-19,760.6,764,766.7,751.3,752.85,752.7,759.53,7031088,5340336511,134089,4201714,59.76
INFY,EQ,11-Apr-19,752.7,751.75,751.75,740.05,743.4,742.7,744.27,8200995,6103734443,158348,5047043,61.54
INFY,EQ,12-Apr-19,742.7,743.1,751.55,740.6,748,747.75,746.82,7043212,5260021361,165165,2587611,36.74
INFY,EQ,15-Apr-19,747.75,724.7,731.35,712.6,728.2,727.5,724.58,31574803,22878628207,566543,16753549,53.06
INFY,EQ,16-Apr-19,727.5,727.9,727.9,714.1,724,724.1,722.4,12524411,9047646706,343101,7260034,57.97
INFY,EQ,18-Apr-19,724.1,722.5,722.5,712.75,715.7,717.05,716.8,13801105,9892653589,302789,8498108,61.58
INFY,EQ,22-Apr-19,717.05,717.05,725.75,715,721.3,721.05,721.04,6455426,4654646597,115955,3535056,54.76
INFY,EQ,23-Apr-19,721.05,723.9,730,718.4,725.8,728.2,726.32,5516668,4006855184,130836,2893716,52.45
INFY,EQ,24-Apr-19,728.2,728.2,737.9,724,735,736.45,733.43,8285120,6076539568,174385,4993503,60.27
INFY,EQ,25-Apr-19,736.45,736.45,737.65,727.05,730.05,728.55,730.72,8005235,5849611510,174336,5361863,66.98
INFY,EQ,26-Apr-19,728.55,731,739.8,729,738.6,738,736.11,6895168,5075636518,151426,4168443,60.45
INFY,EQ,30-Apr-19,738,738,753.8,738,748.85,751.35,748.61,9920046,7426241722,165676,6888736,69.44
INFY,EQ,02-May-19,751.35,747,748.4,729.5,730.8,730.8,738.19,6351352,4688477303,115522,4071262,64.1
INFY,EQ,03-May-19,730.8,722.9,731,718.2,723.65,723.6,725.26,6348116,4604058031,133663,3735602,58.85
INFY,EQ,06-May-19,723.6,715,721.8,710.65,717.15,718.4,718.07,8858265,6360864406,148896,6519864,73.6
INFY,EQ,07-May-19,718.4,720.4,727.9,718.7,724.4,724.55,724.51,5747536,4164126683,104342,3690425,64.21
INFY,EQ,08-May-19,724.55,721,726,716.5,718.95,719.35,721.65,6247642,4508602896,162077,3950857,63.24
INFY,EQ,09-May-19,719.35,719.15,730.3,715.8,722,721.05,724.48,7396525,5358635227,242225,4808832,65.01
INFY,EQ,10-May-19,721.05,720.8,726,715,716.5,716.85,717.88,8352335,5995942203,181229,5545377,66.39
INFY,EQ,13-May-19,716.85,716.55,726.45,712.1,718,719.7,720.09,6808993,4903097929,201194,4745909,69.7
INFY,EQ,14-May-19,719.7,716.5,717.75,703.6,713.6,713.85,711.18,10513001,7476675551,252851,7129503,67.82
INFY,EQ,15-May-19,713.85,714.9,725.2,712.6,715.35,716.1,719.58,6668929,4798849589,139499,4056532,60.83
INFY,EQ,16-May-19,716.1,720,737,719.1,733.15,733.1,730.03,6468556,4722270061,137776,3183434,49.21
INFY,EQ,17-May-19,733.1,733.15,735.8,720.1,724.5,723.9,725.44,8155948,5916646101,126562,4816902,59.06
INFY,EQ,20-May-19,723.9,719.7,726.4,706,721.3,722.4,719.31,11213708,8066098169,209544,6433842,57.37
INFY,EQ,21-May-19,722.4,722.65,722.65,707.7,709.25,709.3,712.09,8645535,6156377506,170212,5649250,65.34
INFY,EQ,22-May-19,709.3,710,718.25,707,709.95,709.75,712.73,5795713,4130757868,141566,3096074,53.42
INFY,EQ,23-May-19,709.75,715,716.7,697.45,703.8,701.05,708.67,7233736,5126301904,176571,3889064,53.76
INFY,EQ,24-May-19,701.05,703.8,711.75,700.45,709,709.2,706.58,7016424,4957669574,143196,4530623,64.57
INFY,EQ,27-May-19,709.2,707.4,713.8,705.5,709.5,708.1,711.8,10247544,7294165659,89920,5823443,56.83
INFY,EQ,28-May-19,708.1,712,733.45,709.8,726.25,728.1,725.58,23860490,17312718820,195730,15894106,66.61
INFY,EQ,29-May-19,728.1,725.5,733.65,723.65,727,727.8,729.38,10293077,7507528235,121851,6211165,60.34
INFY,EQ,30-May-19,727.8,727,737.25,722.55,732.6,733.55,733.51,15089296,11068104089,149521,10063526,66.69
INFY,EQ,31-May-19,733.55,736.5,742.95,733.2,737,737.75,737.91,8290306,6117494485,138065,5107111,61.6
INFY,EQ,03-Jun-19,737.75,729.8,750.9,729,745.15,744.65,742.27,7744761,5748728043,97774,4539082,58.61
INFY,EQ,04-Jun-19,744.65,737.25,739.45,733.15,734.9,735.3,736.49,11733702,8641713183,109238,7602995,64.8
INFY,EQ,06-Jun-19,735.3,736.5,744.65,733.65,735.5,735.6,736.86,7563925,5573564234,124258,4651412,61.49
INFY,EQ,07-Jun-19,735.6,735.85,743.95,735.85,738.5,739.1,739.65,3218358,2380445779,98025,1674267,52.02
INFY,EQ,10-Jun-19,739.1,740.1,754.1,740.1,753,753.5,751.37,4435148,3332437616,124012,2155368,48.6
INFY,EQ,11-Jun-19,753.5,755,759,750.5,754,754.9,754.71,5733127,4326875501,131848,3559140,62.08
INFY,EQ,12-Jun-19,754.9,756.95,756.95,745,753,753.8,750.69,8738342,6559815655,169526,5682249,65.03
INFY,EQ,13-Jun-19,753.8,740,747.2,740,742.2,742.65,743.56,4808577,3575457338,97174,2798082,58.19
INFY,EQ,14-Jun-19,742.65,743.85,745.5,738.25,739.6,740.45,741.51,5556353,4120112207,105007,3805500,68.49
INFY,EQ,17-Jun-19,740.45,743,744.5,737.8,739.05,740.55,741.8,3085588,2288895910,72650,1868593,53.99
INFY,EQ,18-Jun-19,740.55,740.2,752.45,740.2,751.45,750.15,749.2,6202838,4647146093,150082,3888747,60.13
INFY,EQ,19-Jun-19,750.15,752.5,755.4,748.6,751.95,751.9,751.2,4596253,3452713824,91764,2914377,63.41
INFY,EQ,20-Jun-19,751.9,737.8,756.9,735.9,754.95,754.9,749.22,7148684,5355932052,113630,4190645,58.62
INFY,EQ,21-Jun-19,754.9,755,755,747.15,751.75,750.2,750.28,13200318,9903909135,122666,10426131,78.98
INFY,EQ,24-Jun-19,750.2,751.9,751.9,742.65,745,745.5,747.99,4758178,3559059442,70416,2725979,57.29
INFY,EQ,25-Jun-19,745.5,744,750.9,737.3,745.45,748.1,744.67,3677911,2738811697,118947,2194892,59.68
INFY,EQ,26-Jun-19,748.1,743,751.45,738,739.4,739.2,743.56,5447130,4050265777,98489,3316971,60.89
INFY,EQ,27-Jun-19,739.2,742,744.7,728.15,731.7,730.55,733.31,11122346,8156165447,145135,7204390,64.77
INFY,EQ,28-Jun-19,730.55,735.5,739.5,728.5,731.7,732,732.85,5919494,4338124834,116890,3739343,63.17
INFY,EQ,01-Jul-19,732,735,737.5,729.85,731.7,731.3,733.32,3224968,2364922428,101260,1828013,56.68
INFY,EQ,02-Jul-19,731.3,734,741.65,730.1,739.5,740,734.99,4837606,3555605380,88954,3304104,68.3
INFY,EQ,03-Jul-19,740,741,743.2,730,731.7,731.3,736.8,5958379,4390116575,133416,3450978,57.92
INFY,EQ,04-Jul-19,731.3,729,736.4,728.6,732.5,733.8,733.38,3274064,2401148622,97167,1912727,58.42
INFY,EQ,05-Jul-19,733.8,735,736.4,713.5,718,718,723.71,4926289,3565194468,113048,2508334,50.92
INFY,EQ,08-Jul-19,718,716.45,724.95,712.3,717.2,717.6,717.2,7177092,5147414056,111837,4729332,65.89
INFY,EQ,09-Jul-19,717.6,718,719.85,709.05,713.8,715.5,713.79,5022638,3585086283,121716,3127520,62.27
INFY,EQ,10-Jul-19,715.5,709,722.7,706.5,717.55,717.25,716.16,7573816,5424075999,130598,4573427,60.38
INFY,EQ,11-Jul-19,717.25,719.45,723.5,709.6,722.4,721.5,716.61,6252688,4480742890,104709,3347756,53.54
INFY,EQ,12-Jul-19,721.5,722.5,730.6,719.6,730.05,726.75,724.08,7874441,5701708861,122936,4012131,50.95
INFY,EQ,15-Jul-19,726.75,763,781.65,754.2,779.4,779.35,769.12,31064152,23891946222,665352,12612049,40.6
INFY,EQ,16-Jul-19,779.35,777,787.8,776,782.9,784.85,782.56,9924322,7766341596,231682,4334802,43.68
INFY,EQ,17-Jul-19,784.85,783.9,795,776.75,794,794.15,789.65,6754348,5333567144,159078,3125761,46.28
INFY,EQ,18-Jul-19,794.15,789.05,798.5,786.2,791.75,792.7,793.85,6534471,5187412944,148380,3373686,51.63
INFY,EQ,19-Jul-19,792.7,788.7,794.5,781.25,785,785.4,786.53,6812754,5358405148,96268,4152096,60.95
INFY,EQ,22-Jul-19,785.4,785.95,792,782.05,784.1,784.4,787.13,7107151,5594276879,132725,4990428,70.22
INFY,EQ,23-Jul-19,784.4,787,804,785.55,790,790.05,795.33,10782564,8575674727,207585,6306627,58.49
INFY,EQ,24-Jul-19,790.05,788,793.75,783.6,786.65,786.3,786.78,5745146,4520166052,236924,3675199,63.97
INFY,EQ,25-Jul-19,786.3,788.25,800.2,787.65,792.9,794.5,793.82,9773568,7758491817,259756,6336962,64.84
INFY,EQ,26-Jul-19,794.5,792.3,795,782.2,789.5,787,786.88,4941763,3888567432,201172,2730307,55.25
INFY,EQ,29-Jul-19,787,789.5,796.95,786.2,791.85,791.45,790.84,6244316,4938229661,190597,3623676,58.03
INFY,EQ,30-Jul-19,791.45,791.9,797.8,788.55,791.65,792.7,793.92,8673253,6885836889,193679,6033235,69.56
INFY,EQ,31-Jul-19,792.7,790.85,799.8,781.6,795,793.65,792.38,7350584,5824475368,209577,4494630,61.15
INFY,EQ,01-Aug-19,793.65,786.45,788.4,764.4,770.25,768.85,774.33,10066407,7794755234,216329,6020077,59.8
INFY,EQ,02-Aug-19,768.85,765.05,779.9,762.25,774.75,775.6,770.48,10838336,8350680485,227612,6835374,63.07
INFY,EQ,05-Aug-19,775.6,772.6,785.9,768.65,776.8,776.7,777.83,9976238,7759839281,281736,6166468,61.81
INFY,EQ,06-Aug-19,776.7,778.8,783.7,769.8,775.3,774.45,776.57,9331718,7246765644,199427,6512914,69.79
INFY,EQ,07-Aug-19,774.45,778.9,783.45,772.35,776.05,776.1,778.99,5130457,3996582934,157512,2955139,57.6
INFY,EQ,08-Aug-19,776.1,782.7,792.75,781.25,787.1,788.75,787.81,8009009,6309550990,171889,5162652,64.46
INFY,EQ,09-Aug-19,788.75,792,796.75,784.8,790,789.85,790.13,4362520,3446958075,77391,2308520,52.92
INFY,EQ,13-Aug-19,789.85,784.15,786,760.15,764,764.75,772.53,7517099,5807216873,161749,4223553,56.19
INFY,EQ,14-Aug-19,764.75,775.1,778.25,768,772.8,774.8,773.33,5940968,4594357881,154633,3539708,59.58
INFY,EQ,16-Aug-19,774.8,780,780.05,762.5,775,774.55,772.37,5128088,3960775632,125413,2822446,55.04
INFY,EQ,19-Aug-19,774.55,775.6,783,773.35,778,777.65,779.02,3881451,3023717275,107402,1930708,49.74
INFY,EQ,20-Aug-19,777.65,785.2,798,783.85,792.5,792.75,793.28,8435344,6691567043,140808,4388051,52.02
INFY,EQ,21-Aug-19,792.75,793,803.75,793,799.25,799.45,799.47,5926896,4738350175,154752,3200340,54
INFY,EQ,22-Aug-19,799.45,799.9,801.3,792.35,795.4,795.7,797,5222488,4162305017,136435,2970228,56.87
INFY,EQ,23-Aug-19,795.7,796.45,809.95,795.8,801.25,802.2,802.51,6895015,5533306730,151009,3671650,53.25
INFY,EQ,26-Aug-19,802.2,795.9,806.8,786.9,804.3,802.55,799.09,5412074,4324723248,141654,2928888,54.12
INFY,EQ,27-Aug-19,802.55,791,794.95,781.1,785.5,784.65,785.23,16061642,12612131007,242098,11517935,71.71
INFY,EQ,28-Aug-19,784.65,787.4,805,786.3,803.5,802.5,796.96,5881134,4687024731,113678,2578179,43.84
INFY,EQ,29-Aug-19,802.5,795.5,809.7,795.5,808.3,806.95,805.11,7830413,6304378192,117244,4155574,53.07
INFY,EQ,30-Aug-19,806.95,810,817.35,802,814.75,814.9,809.24,8174186,6614876749,144388,5362040,65.6
INFY,EQ,03-Sep-19,814.9,815,822.4,812.05,812.75,814.25,816.96,5647088,4613455970,109072,3392110,60.07
INFY,EQ,04-Sep-19,814.25,810.75,822.45,810.25,819.9,821.3,818.11,6199015,5071479097,124357,3728982,60.15
INFY,EQ,05-Sep-19,821.3,830.1,837.5,826.65,835.1,834.05,833,7926895,6603073399,242554,4640725,58.54
INFY,EQ,06-Sep-19,834.05,843.3,847,835.05,840.25,840.15,840.49,6106841,5132762932,171032,3425602,56.09
INFY,EQ,09-Sep-19,840.15,836.8,840.3,827.55,830,829.1,830.92,4377870,3637654796,122479,2606258,59.53
INFY,EQ,11-Sep-19,829.1,822.3,828.55,814.15,822.1,820.1,818.82,7981036,6535045006,162235,5625215,70.48
INFY,EQ,12-Sep-19,820.1,816.4,819.85,810.85,817.6,816.4,816.08,4400017,3590752490,110552,2680941,60.93
INFY,EQ,13-Sep-19,816.4,818.1,831.05,817.5,829.8,829.3,824.18,4832021,3982478489,93586,2458599,50.88
INFY,EQ,16-Sep-19,829.3,832.05,837.95,820.55,827.6,827.7,827.38,4846496,4009906892,137629,2537087,52.35
INFY,EQ,17-Sep-19,827.7,831.5,835,820.55,832.35,831.25,827.54,5540901,4585299188,135783,3521255,63.55
INFY,EQ,18-Sep-19,831.25,829.9,832.95,824,831.45,829.85,828.68,3199389,2651273644,115862,1381310,43.17
INFY,EQ,19-Sep-19,829.85,824.85,827,815.2,820.3,820.7,820.99,6601607,5419828833,120499,4322765,65.48
INFY,EQ,20-Sep-19,820.7,822.9,835,802,807.3,805,811.86,22462366,18236400807,277034,16113892,71.74
INFY,EQ,23-Sep-19,805,806.9,806.9,741.9,765,764.35,770.66,17279260,13316370233,423674,11307357,65.44
INFY,EQ,24-Sep-19,764.35,765,798.65,765,794,794.05,785.94,13717998,10781580308,236139,7761626,56.58
INFY,EQ,25-Sep-19,794.05,787.7,801,781.65,790.75,792.65,793.69,9313576,7392081925,257048,4911658,52.74
INFY,EQ,26-Sep-19,792.65,787.75,797,778.1,784.6,782.55,783.93,18442824,14457802893,178651,13292785,72.08
INFY,EQ,27-Sep-19,782.55,787.05,794.25,780.1,782.2,782.2,785.46,5087642,3996126505,161432,2830566,55.64
INFY,EQ,30-Sep-19,782.2,785.1,808,784.15,804.2,805.65,801.63,8178091,6555812643,156000,4430205,54.17
INFY,EQ,01-Oct-19,805.65,807,807.55,791.55,794.95,793.55,796.66,5881438,4685487403,172253,3614822,61.46
INFY,EQ,03-Oct-19,793.55,792.55,797.85,784.15,786.4,785.6,791.93,5497672,4353793070,166567,3384617,61.56
INFY,EQ,04-Oct-19,785.6,790,797.6,787.05,792.3,793.45,794.32,8201713,6514820231,114239,6218101,75.81